Player,Position,Squad,Competition,Age,Minutes,xAG,Defensive3rd Tackles,Tackle%,Tackles+Interceptions,Recoveries,ValTiers,FinalScore,Unlikely_Label
Ibrahima Konaté,"DF",Liverpool,eng Premier League,25,2140,1,24,69.7,46,74,0,0.950239152701153,
Alessandro Bastoni,"DF",Inter,it Serie A,26,2171,2.3,19,64,59,84,0,0.908135764669107,*Superstar
Piero Hincapié,"DF",Leverkusen,de Bundesliga,23,2296,3.2,24,60,73,89,0,0.859360928099011,
Dean Huijsen,"DF",Bournemouth,eng Premier League,20,1874,1.9,15,60,76,87,0,0.850898814590909,
Marc Guéhi,"DF",Crystal Palace,eng Premier League,24,2609,1.1,31,69,76,127,0,0.81967937674357,
Theo Hernández,"DF",Milan,it Serie A,27,2336,4.4,22,52.9,44,114,1,0.787241496111585,
Jeremie Frimpong,"DF,MF",Leverkusen,de Bundesliga,24,2054,4,12,51.9,38,76,0,0.770865360161499,
Jarrad Branthwaite,"DF",Everton,eng Premier League,22,2078,0.6,25,72,56,76,1,0.77068725396232,
Milos Kerkez,"DF",Bournemouth,eng Premier League,21,2717,3.2,21,58.8,84,142,1,0.71710942806379,
Levi Colwill,"DF",Chelsea,eng Premier League,22,2609,1.1,17,64,66,97,1,0.716938790689559,
Andrew Robertson,"DF",Liverpool,eng Premier League,31,2218,4.1,24,63.8,58,89,1,0.691366689096139,*Loyal
Jules Koundé,"DF",Barcelona,es La Liga,26,2515,3.8,28,68.3,82,102,0,0.689309922435487,
Sepp van den Berg,"DF",Brentford,eng Premier League,23,2046,0.2,21,62.5,52,76,1,0.672454005120279,
Nikola Milenković,"DF",Nott'ham Forest,eng Premier League,27,2790,0.8,29,77.8,65,69,1,0.669831631910485,
Toti Gomes,"DF",Wolves,eng Premier League,26,2074,0.9,32,78.1,69,85,1,0.669827040653978,
Carl Starfelt,"DF",Celta Vigo,es La Liga,29,2270,0.2,25,66.7,71,77,1,0.662550704274258,
Maxence Lacroix,"DF",Crystal Palace,eng Premier League,25,2486,0.4,47,67.4,109,114,1,0.661214307003854,
Moussa Niakhate,"DF",Lyon,fr Ligue 1,29,2276,0.3,34,74.1,60,103,1,0.660246168666581,
Vitaliy Mykolenko,"DF",Everton,eng Premier League,25,2542,1.5,31,53.3,85,70,1,0.659816150551858,
Enzo Boyomo,"DF",Osasuna,es La Liga,23,2357,0.8,36,75,86,95,1,0.658950982655031,
