Player,Position,Squad,Competition,Age,Minutes,GoalsAgainst Per90,Save%,CleanSheet%,(Post-Shot xG-Goals Against per 90 minutes),Launch Accuracy%,Crosses Stopped%,ValTiers,FinalScore,Unlikely_Label
David Raya,GK,Arsenal,eng Premier League,29,2880,0.84,76.5,34.4,0.01,30.1,13.5,0,1,
Emiliano Martínez,GK,Aston Villa,eng Premier League,32,2700,1.4,65.8,16.1,-0.03,24.6,10.8,0,0.977231619066879,
Joan García,GK,Espanyol,es La Liga,23,2700,1.33,76,20,0.18,37.9,8.8,0,0.917083755688327,
Mike Maignan,GK,Milan,it Serie A,29,2754,1.14,70.7,32.3,-0.03,18.2,6.1,0,0.885081987979972,
Thibaut Courtois,GK,Real Madrid,es La Liga,32,2250,0.88,76.3,36,0.02,17.3,3.6,0,0.835719875759268,*Rival
Jan Oblak,GK,Atlético Madrid,es La Liga,32,2610,0.83,78,41.4,-0.1,27.6,5,0,0.819679949135423,
Ederson,GK,Manchester City,eng Premier League,31,1960,1.15,68.5,31.8,0.18,17.6,5.8,0,0.815723913669052,
Gianluigi Donnarumma,GK,Paris S-G,fr Ligue 1,26,1821,0.99,71.6,19,-0.03,13.8,5.1,0,0.812722242546385,
Yann Sommer,GK,Inter,it Serie A,36,2610,0.97,73.7,41.4,-0.01,17,3.8,0,0.779461299875516,
Gregor Kobel,GK,Dortmund,de Bundesliga,27,2430,1.52,65.1,18.5,-0.03,23.5,4.7,0,0.760924670271618,
Lucas Chevalier,GK,Lille,fr Ligue 1,23,2610,1.07,75.2,34.5,0.25,27.2,5.9,1,0.752693425889314,
Alex Meret,GK,Napoli,it Serie A,28,2375,0.87,70.7,37,0.05,16,6.4,1,0.708594849856383,
Mile Svilar,GK,Roma,it Serie A,25,2880,1,78.8,37.5,0.24,23.3,6.4,1,0.698263989053145,
Nick Pope,GK,Newcastle Utd,eng Premier League,32,1890,1.33,71,23.8,0.03,27.7,10.4,1,0.696809280585984,
Gerónimo Rulli,GK,Marseille,fr Ligue 1,32,2610,1.41,69.1,17.2,0.14,15.1,9,1,0.694909661658107,
Guglielmo Vicario,GK,Tottenham,eng Premier League,28,1800,1.25,69.9,20,0.24,8.2,10.9,1,0.694377711798705,
Marcin Bułka,GK,Nice,fr Ligue 1,25,2610,1.28,74.5,20.7,0.06,22.2,7.3,1,0.691906177375318,
Đorđe Petrović,GK,Strasbourg,fr Ligue 1,25,2340,1.19,79.4,34.6,0.36,21.8,7.1,1,0.690786387060022,
André Onana,GK,Manchester Utd,eng Premier League,29,2790,1.32,69.8,29,0.06,29.1,5.7,0,0.687802736520623,
Alisson,GK,Liverpool,eng Premier League,32,1968,0.87,72.1,36.4,0.01,21,3.9,0,0.686446531896354,
