Player,Position,Squad,Competition,Age,Minutes,Goals,Assists,G+A,xG,npxG+xAG,ProgressiveCarries,SoT%,ValTiers,FinalScore,Unlikely_Label
Ollie Watkins,"FW",Aston Villa,eng Premier League,29,2167,14,6,20,14.1,15.2,47,43.7,1,1,
Marcus Thuram,"FW",Inter,it Serie A,27,2200,14,4,18,9.8,14.2,61,42.2,1,0.992080774546663,
João Pedro,"FW,MF",Brighton,eng Premier League,23,1888,10,6,16,8.9,9.8,64,36.6,1,0.945981937514914,
Loïs Openda,"FW,MF",RB Leipzig,de Bundesliga,25,2152,9,5,14,8.8,11,52,43.1,1,0.912572363135055,
Ademola Lookman,"FW,MF",Atalanta,it Serie A,27,1856,13,5,18,9.2,13.7,113,41.8,1,0.911194998278436,
Nicolas Jackson,"FW",Chelsea,eng Premier League,23,1948,9,5,14,12.1,16.2,43,43.1,1,0.901043126381889,
Antoine Semenyo,"FW",Bournemouth,eng Premier League,25,2645,7,4,11,8.9,14.2,124,31.3,2,0.8959956757884,
Leroy Sané,"FW",Bayern Munich,de Bundesliga,29,1378,9,4,13,8.8,13.3,59,38.2,1,0.891266536113059,
Diogo Jota,"FW",Liverpool,eng Premier League,28,1043,6,3,9,6.8,8.6,35,31.7,2,0.883448692505967,*Rival
Jarrod Bowen,"FW,MF",West Ham,eng Premier League,28,2456,8,5,13,7.2,11.9,89,40.8,1,0.883155585705933,
Bryan Mbeumo,"FW",Brentford,eng Premier League,25,2874,16,5,21,10,13.1,107,45.2,1,0.870177493405581,
Liam Delap,"FW",Ipswich Town,eng Premier League,22,2344,12,2,14,9,9.3,58,45.8,1,0.86972071124192,
Victor Boniface,"FW",Leverkusen,de Bundesliga,24,1006,8,1,9,7.8,8.1,26,34,2,0.864693244181429,
Brennan Johnson,"FW",Tottenham,eng Premier League,23,1969,11,3,14,9.8,12.1,56,37.7,1,0.863597954098312,
Evann Guessand,"FW,MF",Nice,fr Ligue 1,23,2415,11,7,18,8.1,12.6,84,43.1,1,0.861375756667879,
Dango Ouattara,"FW",Bournemouth,eng Premier League,23,1685,7,4,11,7.7,12.5,67,30.9,2,0.859092791582744,
Ritsu Doan,"FW,MF",Freiburg,de Bundesliga,26,2431,8,7,15,6.1,9,57,32.7,1,0.858555795391063,
Morgan Rogers,"FW,MF",Aston Villa,eng Premier League,22,2597,8,7,15,5.8,12.2,98,33.3,1,0.858477817621715,
Mohamed Amoura,"FW",Wolfsburg,de Bundesliga,24,2150,10,8,18,7.6,9.4,71,37.1,1,0.858284256319111,
Mason Greenwood,"FW,MF",Marseille,fr Ligue 1,23,2364,16,3,19,12.3,12.1,107,42.4,1,0.858247747179783,
