Player,Position,Squad,Competition,Age,Minutes,xAG,ProgressiveCarries,PrgP,PassCompletion(%),TotalDistance,ProgressiveDistance,ThroughBalls,Tackles+Interceptions,Recieved(Passes),Recoveries,ValTier,FinalScore,Unlikely_Label
Tijjani Reijnders,"MF",Milan,it Serie A,26,2588,2.9,104,192,86.8,18048,5188,11,54,1116,95,1,1,
Jude Bellingham,"MF",Real Madrid,es La Liga,21,2011,3.6,59,168,86.6,17525,3873,15,76,1258,74,0,0.940627282020817,*Superstar
Bruno Fernandes,"MF",Manchester Utd,eng Premier League,30,2636,6.8,60,254,74.9,25059,8801,25,97,1566,182,1,0.924599337682035,
Morgan Gibbs-White,"MF",Nott'ham Forest,eng Premier League,25,2288,4.4,62,139,78.5,12615,3919,15,54,1015,111,1,0.917239680195348,
Youri Tielemans,"MF",Aston Villa,eng Premier League,27,2735,6.5,33,211,82.4,26503,9422,21,97,1519,133,1,0.875640927993983,
Florian Wirtz,"MF,FW",Leverkusen,de Bundesliga,21,1910,6,104,139,79.2,14984,3916,21,38,1345,95,0,0.873802321648629,*Superstar
Joshua Kimmich,"MF",Bayern Munich,de Bundesliga,30,2397,6.4,43,303,89.4,50253,14456,18,64,2584,163,1,0.861423845113704,*Superstar*Loyal
James Maddison,"MF",Tottenham,eng Premier League,28,1764,4.1,43,160,81.3,16292,4891,12,41,1112,73,1,0.843867586538479,*Rival
Xavi Simons,"MF",RB Leipzig,de Bundesliga,21,1805,5.6,65,122,79.6,12905,3488,19,32,937,107,1,0.827561962068933,
Alexis Mac Allister,"MF",Liverpool,eng Premier League,26,2381,4.3,31,158,83.5,18587,5190,5,105,1132,132,0,0.816365581516674,
Enzo FernÃ¡ndez,"MF",Chelsea,eng Premier League,24,2410,5.7,53,185,80.3,23379,6615,13,68,1397,130,0,0.78993067211979,
Bernardo Silva,"MF,FW",Manchester City,eng Premier League,30,2131,4.2,84,99,86.5,17580,3215,3,65,1145,80,1,0.788774121601474,
MoisÃ©s Caicedo,"MF",Chelsea,eng Premier League,23,2811,2.9,37,180,89.9,29272,7742,12,136,1548,184,0,0.769027579963288,
Pedri,"MF",Barcelona,es La Liga,22,2349,5.7,72,271,86.3,30200,7727,20,72,1772,192,0,0.765386119127417,*Superstar
Bruno GuimarÃ£es,"MF",Newcastle Utd,eng Premier League,27,2661,5.4,45,217,81.8,19496,6505,21,93,1339,150,0,0.765285767349717,
Dominik Szoboszlai,"MF",Liverpool,eng Premier League,24,2120,5,63,106,84.3,14859,2927,4,38,932,112,0,0.761088638189245,
Mateo KovaÄiÄ‡,"MF",Manchester City,eng Premier League,30,1857,3.5,48,134,92.8,22292,5828,13,77,1430,101,1,0.760755317186066,
Ã“scar Mingueza,"MF,DF",Celta Vigo,es La Liga,25,2166,5,51,161,77.5,23899,9620,9,47,1337,115,1,0.756175582049142,
Angelo Stiller,"MF",Stuttgart,de Bundesliga,24,2456,6.5,31,245,86.9,32045,10854,14,71,1781,131,1,0.752452373992364,
Ryan Gravenberch,"MF",Liverpool,eng Premier League,22,2741,2.8,60,153,89,22580,5543,7,113,1476,171,0,0.752194263643937,
