Rk,Player,Nation,Pos,Squad_DissData_FW,Comp,Age,Min,Gls,Ast,G_A,PK,CrdY,CrdR,xG,xAG,npxG_xAG,PrgC,SoT_,SoT_90,G_Sh,G_xG,PKwon,Squad_ClubTiers,ClubTier,Value,ValTiers,Gls_norm,Ast_norm,G_A_norm,PK_norm,CrdY_norm,CrdR_norm,xG_norm,xAG_norm,npxG_xAG_norm,PrgC_norm,SoT__norm,SoT_90_norm,G_Sh_norm,G_xG_norm,PKwon_norm,SimilarityScores
18,Tammy Abraham,eng ENG,"FW",Roma,it Serie A,27,1,0,0,0,0,0,0,0,0,0,0,0,0,0,0,0,Roma,3,0,5,0,0,0,0,0,0,0,0,0,0,0,0,0,0.430555555555556,0,NaN
59,Junior Ajayi,ci CIV,"FW",Hellas Verona,it Serie A,20,13,0,0,0,0,0,0,0,0,0,0,0,0,0,0,0,Hellas Verona,5,0,5,0,0,0,0,0,0,0,0,0,0,0,0,0,0.430555555555556,0,NaN
71,David Akpan Ankeye,ng NGA,"FW,MF",Genoa,it Serie A,23,45,0,0,0,0,0,0,0,0,0,0,0,0,0,0,0,Genoa,4,0,5,0,0,0,0,0,0,0,0,0,0,0,0,0,0.430555555555556,0,NaN
87,Tadeo Allende,ar ARG,"FW",Celta Vigo,es La Liga,26,2,0,0,0,0,1,0,0,0,0,0,0,0,0,0,0,Celta Vigo,3,0,5,0,0,0,0,0.111111111111111,0,0,0,0,0,0,0,0,0.430555555555556,0,NaN
104,Will Alves,eng ENG,"FW",Leicester City,eng Premier League,20,1,0,0,0,0,0,0,0,0,0,0,0,0,0,0,0,Leicester City,5,0,5,0,0,0,0,0,0,0,0,0,0,0,0,0,0.430555555555556,0,NaN
127,Lorenzo Anghelè,it ITA,"FW",Juventus,it Serie A,20,6,0,0,0,0,0,0,0,0,0,0,0,0,0,0,0,Juventus,1,0,5,0,0,0,0,0,0,0,0,0,0,0,0,0,0.430555555555556,0,NaN
130,Leandro Antonetti,pr PUR,"FW",Sevilla,es La Liga,22,11,0,0,0,0,0,0,0,0,0,0,0,0,0,0,0,Sevilla,3,0,5,0,0,0,0,0,0,0,0,0,0,0,0,0,0.430555555555556,0,NaN
221,Mario Balotelli,it ITA,"FW,MF",Genoa,it Serie A,34,62,0,0,0,0,2,0,0,0,0,0,0,0,0,0,0,Genoa,4,0,5,0,0,0,0,0.222222222222222,0,0,0,0,0,0,0,0,0.430555555555556,0,NaN
231,Adrian Baquerin,es ESP,"FW",Valladolid,es La Liga,18,12,0,0,0,0,0,0,0,0,0,0,0,0,0,0,0,Valladolid,4,0,5,0,0,0,0,0,0,0,0,0,0,0,0,0,0.430555555555556,0,NaN
463,Gabin Capuano,fr FRA,"FW",Lens,fr Ligue 1,18,11,0,0,0,0,0,0,0,0,0,0,0,0,0,0,0,Lens,3,0,5,0,0,0,0,0,0,0,0,0,0,0,0,0,0.430555555555556,0,NaN
464,Francesco Caputo,it ITA,"FW",Empoli,it Serie A,37,6,0,0,0,0,0,0,0,0,0,0,0,0,0,0,0,Empoli,5,0,5,0,0,0,0,0,0,0,0,0,0,0,0,0,0.430555555555556,0,NaN
507,Abdoulie Ceesay,gm GAM,"FW",St. Pauli,de Bundesliga,21,60,0,0,0,0,1,0,0,0,0,0,0,0,0,0,0,St. Pauli,5,0,5,0,0,0,0,0.111111111111111,0,0,0,0,0,0,0,0,0.430555555555556,0,NaN
526,Walid Cheddira,ma MAR,"FW",Napoli,it Serie A,27,12,0,0,0,0,0,0,0,0,0,0,0,0,0,0,0,Napoli,2,0,5,0,0,0,0,0,0,0,0,0,0,0,0,0,0.430555555555556,0,NaN
641,Maat Daniel Caprini,it ITA,"FW",Fiorentina,it Serie A,19,8,0,0,0,0,0,0,0,0,0,0,0,0,0,0,0,Fiorentina,3,0,5,0,0,0,0,0,0,0,0,0,0,0,0,0,0.430555555555556,0,NaN
705,Kandet Diawara,gn GUI,"FW",Le Havre,fr Ligue 1,25,4,0,0,0,0,0,0,0,0,0,0,0,0,0,0,0,Le Havre,5,0,5,0,0,0,0,0,0,0,0,0,0,0,0,0,0.430555555555556,0,NaN
725,Lois Diony,fr FRA,"FW",Angers,fr Ligue 1,32,21,0,0,0,0,0,0,0,0,0,0,0,0,0,0,0,Angers,5,0,5,0,0,0,0,0,0,0,0,0,0,0,0,0,0.430555555555556,0,NaN
727,Sérigné Diop,sn SEN,"FW",Brest,fr Ligue 1,19,4,0,0,0,0,0,0,0,0,0,0,0,0,0,0,0,Brest,4,0,5,0,0,0,0,0,0,0,0,0,0,0,0,0,0.430555555555556,0,NaN
749,Israel Domínguez,es ESP,"FW",Sevilla,es La Liga,21,18,0,0,0,0,0,0,0,0,0,0,0,0,0,0,0,Sevilla,3,0,5,0,0,0,0,0,0,0,0,0,0,0,0,0,0.430555555555556,0,NaN
801,Odsonne Édouard,fr FRA,"FW",Leicester City,eng Premier League,27,29,0,0,0,0,0,0,0,0,0,0,0,0,0,0,0,Leicester City,5,0,5,0,0,0,0,0,0,0,0,0,0,0,0,0,0.430555555555556,0,NaN
845,Etienne Eto'o,cm CMR,"FW",Rayo Vallecano,es La Liga,22,40,0,0,0,0,0,0,0,0,0,0,0,0,0,0,0,Rayo Vallecano,4,0,5,0,0,0,0,0,0,0,0,0,0,0,0,0,0.430555555555556,0,NaN
