Rk,Player,Nation,Pos,Squad,Comp,Age,Min,CrdY,CrdR,xAG,Cmp%,Err,Fls,GA90,Save%,CS%,PKA,PKsv,/90PSxG-GA/90,GKCmp%,Launch%,Stp%,OPA/90
34,Adrián,es ESP,GK,Betis,es La Liga,38,1080,3,0,0,74.7,1,0,1.33,60.5,25,1,0,-0.2,29.9,28.7,5.8,0.58
43,Julen Agirrezabala,es ESP,GK,Athletic Club,es La Liga,24,1206,1,1,0,68.4,0,3,0.67,76.5,35.7,1,1,0.11,32,37.5,14,1.27
86,Alisson,br BRA,GK,Liverpool,eng Premier League,32,1968,0,0,0.6,82.5,1,0,0.87,72.1,36.4,0,0,0.01,35.3,21,3.9,1.88
145,Alphonse Areola,fr FRA,GK,West Ham,eng Premier League,32,1810,0,0,0,69.7,2,0,1.69,62.2,20,0,0,-0.19,36.9,33.8,3.9,1.14
158,Kepa Arrizabalaga,es ESP,GK,Bournemouth,eng Premier League,30,2160,3,0,0,71.5,3,2,1.37,73.4,20.8,4,0,0.03,36.4,35.7,4.8,1.79
171,Noah Atubolu,de GER,GK,Freiburg,de Bundesliga,22,2127,2,0,0,75.3,4,0,1.4,70.3,41.7,0,2,0.03,38.2,31,8.7,1.14
172,Emil Audero,id IDN,GK,Como,it Serie A,28,720,0,0,0,82.6,1,0,2.25,58.8,0,4,0,-0.7,30.9,22,5.3,1
176,Brandon Austin,eng ENG,GK,Tottenham,eng Premier League,26,90,0,0,0,68.8,0,0,2,50,0,0,0,0.2,27.3,38.5,33.3,2
256,Augusto Batalla,ar ARG,GK,Rayo Vallecano,es La Liga,28,2340,4,0,0,66.1,4,0,1.23,74.8,23.1,4,2,-0.01,33.3,42.9,7.2,0.81
260,Oliver Baumann,de GER,GK,Hoffenheim,de Bundesliga,34,2160,1,0,0.8,71.2,2,0,1.71,65.8,16.7,2,2,0.14,37.4,38.2,4.4,1.17
263,Altay Bayındır,tr TUR,GK,Manchester Utd,eng Premier League,27,90,0,0,0,52.5,1,0,4,33.3,0,0,0,-0.19,17.2,39.2,11.8,0
319,Dimitry Bertaud,cd COD,GK,Montpellier,fr Ligue 1,26,270,0,0,0,68.5,0,0,2.67,56.3,0,1,0,-0.56,42.9,42.4,18.6,0.67
337,Marco Bizot,nl NED,GK,Brest,fr Ligue 1,34,2520,4,0,0,68,0,1,1.61,63.9,28.6,6,1,-0.24,42,44.5,6.9,1.25
418,Jean Butez,fr FRA,GK,Como,it Serie A,29,1260,0,0,0,80.1,1,1,1.29,68.6,14.3,2,0,-0.11,39.5,28.8,12.5,2.93
419,Marcin Bułka,pl POL,GK,Nice,fr Ligue 1,25,2610,0,0,0.2,80.7,6,0,1.28,74.5,20.7,2,1,0.06,40.9,22.2,7.3,0.93
461,Elia Caprile,it ITA,GK,Cagliari,it Serie A,23,1170,0,0,0,67.5,1,0,1.15,72.5,23.1,1,0,0.2,38.6,45.9,5.3,1.23
462,Elia Caprile,it ITA,GK,Napoli,it Serie A,23,325,0,0,0,82.7,0,0,0.28,87.5,100,0,0,0.32,44,25.6,9.7,0.83
471,Cárdenas,es ESP,GK,Rayo Vallecano,es La Liga,28,450,0,0,0,52.9,0,0,1.2,68.4,20,0,0,-0.08,27.4,57,1.4,0.2
477,Tiago Cardoso,lu LUX,GK,Gladbach,de Bundesliga,19,380,0,0,0,74.9,2,0,0.71,87,50,0,0,0.39,37.1,27,14.6,0.24
478,Patrik Carlgren,se SWE,GK,Nantes,fr Ligue 1,33,270,0,0,0,69.9,0,0,1.67,76.2,33.3,0,0,0.35,37.8,27.5,1.9,0.33
481,Marco Carnesecchi,it ITA,GK,Atalanta,it Serie A,24,2610,1,0,0.2,74,2,0,1,73.3,37.9,1,0,0.1,31.8,29.3,7.4,1.21
533,Lucas Chevalier,fr FRA,GK,Lille,fr Ligue 1,23,2610,0,0,0.9,79,3,0,1.07,75.2,34.5,4,0,0.25,39.3,27.2,5.9,0.69
536,Leandro Chichizola,ar ARG,GK,Parma,it Serie A,35,90,0,0,0,72,0,0,3,50,0,0,0,-0.54,18.8,31.7,9.5,2
549,Jasper Cillessen,nl NED,GK,Las Palmas,es La Liga,35,2335,1,0,0,68.2,2,0,1.62,70.3,11.1,4,3,0.16,30.3,39.5,3.1,0.77
579,Diego Conde,es ESP,GK,Villarreal,es La Liga,26,1872,2,0,0.2,80.2,2,0,1.49,68.2,9.5,3,0,-0.29,37.7,23.4,5.8,0.67
602,Grégoire Coudert,fr FRA,GK,Brest,fr Ligue 1,26,90,0,0,0,76.3,0,0,1,85.7,0,0,0,-0.07,25,26.5,4.5,1
612,Thibaut Courtois,be BEL,GK,Real Madrid,es La Liga,32,2250,1,0,0,84.1,1,0,0.88,76.3,36,3,0,0.02,27.5,17.3,3.6,0.52
633,Finn Dahmen,de GER,GK,Augsburg,de Bundesliga,27,1260,0,0,0,68.3,0,0,0.57,87.3,57.1,1,0,0.58,40,40.1,2.5,1.14
634,Thomas Dähne,de GER,GK,Holstein Kiel,de Bundesliga,31,360,0,0,0,80.5,1,0,2.25,64,0,0,1,-0.11,39.7,26.7,3,0.75
670,Théo De Percin,mq MTQ,GK,Auxerre,fr Ligue 1,24,180,0,0,0,53.4,0,0,1.5,77.8,50,1,1,0.23,25.8,45.7,7.9,1.5
688,Arthur Desmas,fr FRA,GK,Le Havre,fr Ligue 1,31,1620,2,0,0,78.7,1,1,2.11,61.3,16.7,2,1,0.04,37.1,28.5,4.3,0.39
691,Michele Di Gregorio,it ITA,GK,Juventus,it Serie A,27,2430,0,0,0.5,77.7,0,0,1,73.2,44.4,5,0,-0.13,38,28.1,6.1,0.85
720,Stole Dimitrievski,mk MKD,GK,Valencia,es La Liga,31,360,1,0,0,51.1,1,0,1.5,58.3,0,1,0,-0.38,20.8,49.6,5.9,4
730,Yehvann Diouf,fr FRA,GK,Reims,fr Ligue 1,25,2610,1,0,0,68.7,2,0,1.45,75.8,17.2,3,1,0.49,31.7,34.9,6,0.93
739,Marko Dmitrović,rs SRB,GK,Leganés,es La Liga,33,2250,0,0,0,44.2,3,1,1.64,72.1,28,7,0,0.09,25.3,64.9,7.8,1.64
746,Álex Domínguez,es ESP,GK,Toulouse,fr Ligue 1,26,19,0,0,0,72.7,0,0,0,0,0,0,0,0,40,25,0,0
752,Gianluigi Donnarumma,it ITA,GK,Paris S-G,fr Ligue 1,26,1821,2,0,0,86.9,0,0,0.99,71.6,19,1,0,-0.03,33.3,13.8,5.1,0.54
775,Patrick Drewes,de GER,GK,Bochum,de Bundesliga,32,1890,2,0,0,65.7,1,1,2.19,56.6,9.5,3,2,-0.18,45,50.1,4.2,1.57
778,Martin Dúbravka,sk SVK,GK,Newcastle Utd,eng Premier League,36,900,0,0,0,79.6,0,0,1.2,70.7,50,0,0,0.09,22.5,15.8,7.9,1.1
796,Ederson,br BRA,GK,Manchester City,eng Premier League,31,1960,3,0,1.5,88.1,2,1,1.15,68.5,31.8,2,0,0.18,44.7,17.6,5.8,1.93
853,Łukasz Fabiański,pl POL,GK,West Ham,eng Premier League,39,1070,2,0,0,67,1,2,1.68,74.6,16.7,3,0,0.19,33.7,41.5,3.5,0.93
859,Wladimiro Falcone,it ITA,GK,Lecce,it Serie A,30,2880,1,0,0,62.5,3,1,1.62,71,21.9,7,1,-0.08,33.8,49.6,5.2,0.53
878,Aitor Fernández,es ESP,GK,Osasuna,es La Liga,33,90,0,0,0,64.4,0,0,0,100,100,0,0,1.15,54.3,70.6,7.1,1
879,Álvaro Fernández,es ESP,GK,Sevilla,es La Liga,27,657,2,0,0.1,63.1,0,0,1.64,65.5,42.9,2,0,-0.49,26.8,42.1,5.2,1.92
885,André Ferreira,pt POR,GK,Valladolid,es La Liga,28,90,0,0,0,68.8,1,0,4,50,0,0,0,-1.32,25,40.9,7.7,2
890,Mark Flekken,nl NED,GK,Brentford,eng Premier League,31,2735,1,0,0.2,73.6,3,0,1.51,74,16.1,1,0,0.07,38.2,33.6,8.1,0.95
897,Yahia Fofana,ci CIV,GK,Angers,fr Ligue 1,24,2610,4,0,0.1,69.7,2,0,1.59,74.3,20.7,3,0,0.41,34.5,37.5,9.2,0.59
906,Fraser Forster,eng ENG,GK,Tottenham,eng Premier League,37,630,0,0,0,84.8,3,0,2.14,69,14.3,2,0,0.21,35.5,21.3,4.9,0.43
910,Fran,es ESP,GK,Real Madrid,es La Liga,19,90,0,0,0,95,0,0,2,0,0,0,0,-1.14,50,12.5,20,1
941,Gauthier Gallon,fr FRA,GK,Rennes,fr Ligue 1,31,45,0,0,0,84.2,0,0,0,0,0,0,0,0,0,13.3,0,2
952,Joan García,es ESP,GK,Espanyol,es La Liga,23,2700,2,0,0,69.9,4,0,1.33,76,20,4,2,0.18,34.8,37.9,8.8,0.97
962,Paulo Gazzaniga,ar ARG,GK,Girona,es La Liga,33,2745,4,0,0,80.7,3,1,1.51,64.2,19.4,2,3,-0.16,30.2,20.8,8.1,0.92
966,David de Gea,es ESP,GK,Fiorentina,it Serie A,34,2610,1,0,0.4,72.7,0,0,1,75.4,37.9,1,2,0.1,43.7,40.5,2.7,0.86
997,Pierluigi Gollini,it ITA,GK,Genoa,it Serie A,30,630,1,0,0,82.4,1,0,2.14,62.5,14.3,3,1,-0.39,44,24.7,2.2,0.29
1021,Mathieu Gorgelin,fr FRA,GK,Le Havre,fr Ligue 1,34,990,2,0,0,78.4,2,0,2.18,61.1,9.1,3,0,0.05,42.4,34.1,7.7,0.55
1030,Kamil Grabara,pl POL,GK,Wolfsburg,de Bundesliga,26,2135,2,0,0,69,2,0,1.69,66.4,16.7,2,1,0.13,35.5,42.3,3.4,0.59
1041,Dominik Greif,sk SVK,GK,Mallorca,es La Liga,28,2340,1,0,0,69.1,1,0,1.15,68.9,19.2,2,0,-0.15,39.9,43.2,3.2,0.62
1052,Vicente Guaita,es ESP,GK,Celta Vigo,es La Liga,38,2430,0,0,0,82.9,1,0,1.33,63.9,22.2,1,0,-0.2,31.7,18.4,6.6,1.41
1074,Péter Gulácsi,hu HUN,GK,RB Leipzig,de Bundesliga,34,2385,0,0,0,82.1,4,0,1.32,73.2,48.1,2,1,0.13,39.2,20.7,4.9,0.98
1112,Kjetil Haug,no NOR,GK,Toulouse,fr Ligue 1,26,498,0,0,0,63.1,0,0,1.27,56.3,20,0,0,-0.06,26.7,37.9,6.9,0.54
1117,Dean Henderson,eng ENG,GK,Crystal Palace,eng Premier League,28,2790,3,0,0.1,62.6,0,0,1.29,68.5,29,1,1,0.12,25.9,46,4.9,1.19
1125,Mads Hermansen,dk DEN,GK,Leicester City,eng Premier League,24,2205,1,0,0,61.2,3,0,2.2,64.1,4,3,1,0.13,24.8,39.9,5.9,0.98
1135,Sergio Herrera,es ESP,GK,Osasuna,es La Liga,31,2700,5,0,0,69.3,1,1,1.47,73.6,16.7,5,0,0.14,44.9,44.2,7.2,2.3
1158,Dinko Horkaš,hr CRO,GK,Las Palmas,es La Liga,26,455,1,0,0,76.9,0,1,1.98,64.3,0,0,1,0,41,35.3,1.8,1.58
1159,Timo Horn,de GER,GK,Bochum,de Bundesliga,31,720,1,0,0,59.5,1,0,2,56.8,12.5,0,0,-0.42,42.5,62.7,2.6,0.88
1162,Lukáš Hrádecký,fi FIN,GK,Leverkusen,de Bundesliga,35,2340,0,0,0,75.4,1,0,1.19,72.5,23.1,3,0,0.04,41.5,31,4.2,1.15
1214,Karl Jakob Hein,ee EST,GK,Valladolid,es La Liga,23,2520,0,0,0,73.3,1,0,2.25,59.5,17.9,3,0,-0.33,36.4,32.7,7.5,1.18
1221,Vitezslav Jaros,cz CZE,GK,Liverpool,eng Premier League,23,12,0,0,0,75,0,0,0,100,0,0,0,0.25,71.4,85.7,0,0
1246,Karl-Johan Johnsson,se SWE,GK,Strasbourg,fr Ligue 1,35,270,0,0,0,82.9,0,1,2,77.3,0,1,0,0.22,27.3,15.6,4.2,1
1247,Sam Johnstone,eng ENG,GK,Wolves,eng Premier League,32,630,0,0,0,66.2,0,0,2.43,61.5,0,2,0,-0.43,40.3,45.6,7.7,1.57
1253,Jesse Joronen,fi FIN,GK,Venezia,it Serie A,32,703,0,0,0,73.8,1,1,1.92,70,28.6,3,0,-0.05,23.8,28.1,4.8,0.64
1263,Luiz Lúcio Reis Júnior,br BRA,GK,Villarreal,es La Liga,24,828,2,0,0,71.4,0,0,0.98,75.8,22.2,1,0,0.04,31.5,35.1,9.8,1.85
1270,Filip Jørgensen,dk DEN,GK,Chelsea,eng Premier League,22,540,0,0,0,83.6,3,1,1.5,71.4,16.7,1,0,0.04,21.2,18.1,3.8,0.33
1312,Caoimhín Kelleher,ie IRL,GK,Liverpool,eng Premier League,26,900,0,0,0,75.7,2,0,1.2,67.6,40,0,1,-0.04,25.2,28.6,5.3,0.9
1334,Antonín Kinský,cz CZE,GK,Tottenham,eng Premier League,22,360,0,0,0.1,80,1,0,1.75,56.3,25,0,0,-0.12,36.4,23.8,4,1
1342,Gregor Kobel,ch SUI,GK,Dortmund,de Bundesliga,27,2430,1,0,0,79.4,3,0,1.52,65.1,18.5,3,0,-0.03,31.2,23.5,4.7,1.26
1344,Hervé Koffi,bf BFA,GK,Lens,fr Ligue 1,28,450,2,0,0,72.6,0,0,1.6,76.9,0,2,0,0.61,33.3,29.6,7.5,0.4
1347,Philipp Köhn,ch SUI,GK,Monaco,fr Ligue 1,27,1260,1,0,0,76.4,1,0,0.93,75,42.9,1,0,-0.12,30.3,22.3,6.1,1.21
1376,Matej Kovar,cz CZE,GK,Leverkusen,de Bundesliga,24,270,0,0,0,77.6,0,0,1,72.7,66.7,0,0,-0.01,34.8,26.6,7.4,2
1404,Nediljko Labrović,hr CRO,GK,Augsburg,de Bundesliga,25,1350,0,0,0,70.2,1,0,2.13,60.8,13.3,3,0,-0.4,37.7,38.8,5.5,1.2
1408,Alban Lafont,fr FRA,GK,Nantes,fr Ligue 1,26,1080,1,0,0,69.8,1,0,1.58,67.3,16.7,3,0,-0.02,28,34,8,0.5
1420,Gautier Larsonneur,fr FRA,GK,Saint-Étienne,fr Ligue 1,28,2520,5,0,0,65.1,1,0,2.39,70,10.7,13,2,-0.12,27.3,39.6,5.3,0.89
1432,Nicola Leali,it ITA,GK,Genoa,it Serie A,32,2250,1,0,0,70.4,1,1,0.92,78,40,3,1,0.29,36.3,38.8,5.7,0.44
1434,Benjamin Lecomte,fr FRA,GK,Montpellier,fr Ligue 1,33,2250,0,0,0.1,67.3,2,0,2.24,63.9,0,4,1,-0.2,39.9,43.6,5.1,0.96
1447,Bernd Leno,de GER,GK,Fulham,eng Premier League,33,2790,4,0,0.1,80.6,4,0,1.35,68.3,16.1,2,0,-0.09,35.7,23.6,4.8,0.77
1448,Donovan Léon,gf GUF,GK,Auxerre,fr Ligue 1,32,2430,3,0,0.4,57.7,1,1,1.44,74.6,29.6,5,0,0.26,32.7,55.1,5.3,1.41
1484,Anthony Lopes,pt POR,GK,Nantes,fr Ligue 1,34,1170,1,0,0,58.5,1,0,1.77,68.9,7.7,4,0,0.1,33.2,47,4,0.46
1491,Pau López,es ESP,GK,Girona,es La Liga,30,45,0,0,0,75,0,0,4,33.3,0,0,0,-1.33,44.4,35.3,17.6,2
1512,Joe Lumley,eng ENG,GK,Southampton,eng Premier League,30,270,0,0,0,70.2,3,0,2.33,65,0,0,0,0.22,30,34.1,3.6,2.33
1514,Andriy Lunin,ua UKR,GK,Real Madrid,es La Liga,26,450,0,0,0.9,86.7,0,0,1.4,61.1,40,0,0,-0.33,48.6,18.8,3.9,1.8
1541,Mike Maignan,fr FRA,GK,Milan,it Serie A,29,2754,1,0,0.8,85.9,3,1,1.14,70.7,32.3,1,1,-0.03,37,18.2,6.1,2.06
1545,Radosław Majecki,pl POL,GK,Monaco,fr Ligue 1,25,1350,1,0,0,74.7,1,0,1.47,69.2,20,2,0,-0.06,24.1,26.6,9.1,1.2
1563,Giorgi Mamardashvili,ge GEO,GK,Valencia,es La Liga,24,2430,1,0,0.1,65.3,3,0,1.52,65.5,25.9,3,2,-0.05,31.3,37.9,5.3,1.3
1567,Steve Mandanda,fr FRA,GK,Rennes,fr Ligue 1,40,1485,0,0,0.1,70.7,2,0,1.39,58.8,35.3,2,1,-0.24,33.9,33.6,4,1.27
1568,Christos Mandas,gr GRE,GK,Lazio,it Serie A,23,270,0,0,0,63.3,0,0,0.33,87.5,66.7,0,0,0.43,31.1,47,13.6,1.67
1602,Unai Marrero,es ESP,GK,Real Sociedad,es La Liga,23,90,0,0,0,73.3,0,0,1,75,0,0,0,0.13,40,33.3,10,3
1613,Emiliano Martínez,ar ARG,GK,Aston Villa,eng Premier League,32,2700,4,0,0.5,80,6,1,1.4,65.8,16.1,1,1,-0.03,39.3,24.6,10.8,0.97
1616,Josep Martinez,es ESP,GK,Inter,it Serie A,26,270,0,0,0.1,81.7,0,0,1,70,33.3,0,0,0.19,44.1,25,7,0.33
1663,Alex McCarthy,eng ENG,GK,Southampton,eng Premier League,35,450,0,0,0,75,4,0,2.6,70.3,0,2,0,-0.07,46.2,33.3,10.8,0
1689,Alex Meret,it ITA,GK,Napoli,it Serie A,28,2375,0,0,0,85.1,0,1,0.87,70.7,37,1,2,0.05,38.8,16,6.4,1.44
1698,Alexander Meyer,de GER,GK,Dortmund,de Bundesliga,34,180,0,0,0.1,65.1,0,0,2,63.6,0,0,0,0,24.2,35.5,4.2,1
1708,Vanja Milinković-Savić,rs SRB,GK,Torino,it Serie A,28,2790,2,0,0.1,67.1,3,0,1.1,77.4,29,1,4,0.3,30.7,40.4,6.2,1.35
1745,Lorenzo Montipò,it ITA,GK,Hellas Verona,it Serie A,29,2790,0,0,0,48.2,4,0,1.87,60.7,25.8,1,1,-0.42,29,60,6.3,0.58
1777,Florian Müller,de GER,GK,Freiburg,de Bundesliga,27,483,0,0,0,69.3,0,0,2.24,52.4,0,2,0,-0.23,33.7,37,9.5,0.75
1778,Kevin Müller,de GER,GK,Heidenheim,de Bundesliga,34,2610,0,0,0,75.3,4,0,1.93,65.3,20.7,5,0,-0.15,35.4,32.1,4.7,0.62
1779,Marius Müller,de GER,GK,Wolfsburg,de Bundesliga,31,475,0,0,0,70.6,0,0,0.95,78.3,20,0,0,0.49,38.1,39.1,9.1,0.57
1790,Arijanet Muric,xk KVX,GK,Ipswich Town,eng Premier League,26,1620,1,0,0,71.7,5,0,1.83,70,5.6,3,0,-0.09,33.2,29.6,15.7,1.11
1799,Juan Musso,ar ARG,GK,Atalanta,it Serie A,30,90,0,0,0,51.5,0,0,0,100,100,0,0,0.74,20,36.8,0,1
1800,Juan Musso,ar ARG,GK,Atlético Madrid,es La Liga,30,90,0,0,0,79.3,0,0,0,100,100,0,0,0.08,0,17.6,10,0
1844,Neto,br BRA,GK,Bournemouth,eng Premier League,35,180,0,0,0,64.5,1,0,1,84.6,0,0,0,1.17,33.3,43.5,6.7,1.5
1847,Manuel Neuer,de GER,GK,Bayern Munich,de Bundesliga,39,1800,0,0,0.5,86.1,1,0,0.75,62.2,55,1,0,-0.13,48.6,19.7,4.2,1.9
1860,Moritz Nicolas,de GER,GK,Gladbach,de Bundesliga,27,1639,0,0,0,84.3,1,0,1.37,78.3,21.1,5,0,0.38,47.7,23.3,5.6,0.77
1882,Alexander Nübel,de GER,GK,Stuttgart,de Bundesliga,28,2610,0,0,0.3,75.2,3,0,1.59,64.2,17.2,2,1,-0.19,38.4,32.8,4.2,1.69
1889,Ørjan Nyland,no NOR,GK,Sevilla,es La Liga,34,2133,2,0,0.2,64.6,3,1,1.27,70.3,25,3,1,0.08,26.4,40.1,5.4,1.1
1900,Jan Oblak,si SVN,GK,Atlético Madrid,es La Liga,32,2610,0,0,0,78.7,2,0,0.83,78,41.4,4,0,-0.1,40,27.6,5,0.72
1915,Maduka Okoye,ng NGA,GK,Udinese,it Serie A,25,1710,1,0,0,77.8,1,0,1.58,68.7,15.8,4,0,0.1,42.1,29.3,5.6,0.79
1926,Robin Olsen,se SWE,GK,Aston Villa,eng Premier League,35,180,0,0,0,71.1,1,0,2,55.6,100,0,0,0.1,32.3,34.4,9.4,0
1929,Jonas Omlin,ch SUI,GK,Gladbach,de Bundesliga,31,528,0,1,0,77.7,0,1,2.05,68.8,16.7,2,1,-0.18,40,29.7,1.2,1.19
1933,André Onana,cm CMR,GK,Manchester Utd,eng Premier League,29,2790,0,0,0.2,72.8,4,0,1.32,69.8,29,3,1,0.06,25.8,29.1,5.7,0.65
1953,Stefan Ortega,de GER,GK,Manchester City,eng Premier League,32,920,1,0,0,82.9,1,1,1.66,64.4,20,1,0,-0.17,44.3,21.1,2.7,1.17
1969,Jesús Owono,gq EQG,GK,Alavés,es La Liga,24,487,0,0,0,60.7,0,1,1.29,57.1,0,1,0,-0.29,43.8,55.6,9.1,0.37
1980,Daniele Padelli,it ITA,GK,Udinese,it Serie A,39,90,0,0,0,75,0,0,0,100,100,0,0,0.77,42.9,33.3,9.1,0
1981,Alex Padilla,es ESP,GK,Athletic Club,es La Liga,21,321,0,0,0,55.4,1,0,1.68,70.6,0,1,0,-0.06,34.6,58.2,3.5,0.84
1987,Alberto Paleari,it ITA,GK,Torino,it Serie A,32,90,0,0,0,87.5,0,0,3,57.1,0,0,0,-0.77,66.7,34.6,0,5
1991,Alex Palmer,eng ENG,GK,Ipswich Town,eng Premier League,28,720,2,0,0,68.9,0,1,2.25,63.3,0,0,0,0.15,36.9,38.1,8.8,1.13
2005,Rui Patrício,pt POR,GK,Atalanta,it Serie A,37,180,0,0,0,88.7,0,0,0.5,88.9,50,0,0,0.92,57.1,9.8,0,4.5
2033,Iñaki Peña,es ESP,GK,Barcelona,es La Liga,26,1306,1,0,0,88.6,1,0,1.24,69.2,21.4,2,0,-0.1,28,11,2.2,6.13
2043,Daniel Peretz,il ISR,GK,Bayern Munich,de Bundesliga,24,270,1,0,0,76.7,0,0,1.67,28.6,0,0,0,-0.32,20,25,0,2.67
2051,Simone Perilli,it ITA,GK,Hellas Verona,it Serie A,30,90,0,0,0,39.1,0,0,1,83.3,0,0,0,1.04,18.8,64.7,5.6,3
2052,Mattia Perin,it ITA,GK,Juventus,it Serie A,32,450,0,0,0,79.7,0,0,0.6,81.3,60,0,0,0.14,25,22.4,6,0.6
2054,Lucas Perri,br BRA,GK,Lyon,fr Ligue 1,27,2610,1,0,0,75.7,1,1,1.34,75.2,31,3,0,0.18,31.8,29.5,6.4,0.93
2061,Đorđe Petrović,rs SRB,GK,Strasbourg,fr Ligue 1,25,2340,2,0,0,80,0,0,1.19,79.4,34.6,5,1,0.36,33.3,21.8,7.1,1.54
2064,Luca Philipp,de GER,GK,Hoffenheim,de Bundesliga,24,450,0,0,0,64.5,0,0,2.2,64.3,0,1,0,0.01,32.5,51.1,4.5,0.6
2072,Jordan Pickford,eng ENG,GK,Everton,eng Premier League,31,2880,6,0,0.4,65.2,1,0,1.19,71,31.3,0,2,0.03,37.8,50.3,5.6,1.69
2083,Semuel Pizzignacco,it ITA,GK,Monza,it Serie A,23,384,0,0,0,76.1,0,0,1.64,61.1,25,0,0,-0.21,48.1,36.8,0,0.94
2091,Nick Pope,eng ENG,GK,Newcastle Utd,eng Premier League,32,1890,2,0,0,70.8,5,1,1.33,71,23.8,1,0,0.03,24.8,27.7,10.4,2.05
2105,Ivan Provedel,it ITA,GK,Lazio,it Serie A,31,2610,0,0,0.3,77.4,3,0,1.45,58.7,17.2,4,0,-0.29,39,30.8,7.9,1.1
2115,Ionuț Radu,ro ROU,GK,Venezia,it Serie A,27,810,1,0,0,51.9,0,0,0.67,87.5,44.4,1,0,0.57,21.9,51.6,6.5,0
2117,Hákon Rafn Valdimarsson,is ISL,GK,Brentford,eng Premier League,23,145,0,0,0,65.7,0,0,1.24,50,100,0,0,-0.26,39.5,42.6,12.5,0
2118,Arnau Rafús,es ESP,GK,Valladolid,es La Liga,21,90,0,0,0,76.7,1,0,2,0,0,0,0,-1.53,46.7,34.2,7.1,1
2125,Aaron Ramsdale,eng ENG,GK,Southampton,eng Premier League,26,2160,2,0,0,65.5,2,1,2.37,67.5,8.3,5,2,-0.14,33.7,42.5,6.3,0.67
2137,Federico Ravaglia,it ITA,GK,Bologna,it Serie A,25,876,0,0,0,80.5,0,0,1.13,50,33.3,1,0,-0.16,34.9,25.8,13.3,0.72
2139,David Raya,es ESP,GK,Arsenal,eng Premier League,29,2880,2,0,0,73.5,4,1,0.84,76.5,34.4,3,0,0.01,31.4,30.1,13.5,1.69
2147,Pepe Reina,es ESP,GK,Como,it Serie A,42,900,0,0,0,75.2,1,0,1.2,68.6,20,1,0,-0.23,37.9,33.7,1.5,0.5
2151,Álex Remiro,es ESP,GK,Real Sociedad,es La Liga,30,2700,0,0,0,72.7,4,0,1.1,74.3,40,5,1,-0.13,37.7,32.5,6.4,0.93
2153,Guillaume Restes,fr FRA,GK,Toulouse,fr Ligue 1,20,2093,0,0,0,74.1,1,1,1.33,58.9,29.2,1,1,-0.24,26.8,28.3,1.4,1.03
2180,Adrian Rodriguez,es ESP,GK,Alavés,es La Liga,24,122,1,0,0,38,1,0,1.48,83.3,100,1,0,-0.36,37.5,92.3,0,0
2197,Leo Román,es ESP,GK,Mallorca,es La Liga,24,450,0,0,0,61.2,0,0,1.4,76,40,1,0,0.3,36.3,52.1,5.3,0.4
2225,Gerónimo Rulli,ar ARG,GK,Marseille,fr Ligue 1,32,2610,1,0,0,86.8,2,2,1.41,69.1,17.2,3,3,0.14,41.7,15.1,9,1.86
2227,Mathew Ryan,au AUS,GK,Lens,fr Ligue 1,33,810,0,0,0,72.7,2,0,1.11,77.1,55.6,2,1,0.26,32.6,32,14.5,1
2229,Frederik Rønnow,dk DEN,GK,Union Berlin,de Bundesliga,32,2160,2,0,0,68.5,2,0,1.13,71.1,33.3,1,3,0.25,37.2,36.8,8.2,0.88
2230,José Sá,pt POR,GK,Wolves,eng Premier League,32,2250,2,0,0.1,62.4,1,3,1.76,61.5,24,4,1,-0.15,24,40.8,6.9,1.56
2242,Matvei Safonov,ru RUS,GK,Paris S-G,fr Ligue 1,26,699,0,0,0,79.8,0,0,0.77,81.8,42.9,2,0,0.08,40.9,25.9,7.5,1.8
2267,Brice Samba,fr FRA,GK,Rennes,fr Ligue 1,30,1080,3,0,0,75.7,2,0,1.33,72.9,33.3,0,1,0.16,31.5,26.2,6.2,0.5
2268,Brice Samba,fr FRA,GK,Lens,fr Ligue 1,30,1350,1,0,0,81.1,2,0,0.93,81.5,46.7,4,0,0.23,50.3,29.7,11.2,1.47
2280,Robert Sánchez,es ESP,GK,Chelsea,eng Premier League,27,2340,5,0,0,71.7,9,2,1.15,76.8,26.9,4,1,0.08,24.5,31.1,11.3,1.92
2296,Kauã Santos,br BRA,GK,Eint Frankfurt,de Bundesliga,22,765,0,0,0,69.5,2,0,1.41,76.1,37.5,1,0,0.39,34.5,37.1,11.7,2.12
2305,Razvan Sava,ro ROU,GK,Udinese,it Serie A,22,1080,1,0,0,70.1,2,1,1.33,74.5,33.3,3,0,0.04,29.7,33.2,2,1.08
2329,Alexander Schwolow,de GER,GK,Union Berlin,de Bundesliga,32,450,0,0,0,76.3,0,0,2.4,54.2,0,1,0,-0.75,47.2,29.3,0,0.8
2332,Simone Scuffet,it ITA,GK,Cagliari,it Serie A,28,1170,0,0,0,70.3,2,0,1.77,67.9,7.7,5,0,-0.2,39.2,42,3.2,0.54
2333,Simone Scuffet,it ITA,GK,Napoli,it Serie A,28,90,0,0,0,79.5,0,0,1,75,0,0,0,0.6,25,25.7,3.4,0
2336,Jacopo Seghetti,it ITA,GK,Empoli,it Serie A,20,90,0,0,0,63.6,0,0,3,50,0,0,0,-1.12,33.3,37.5,0,1
2340,Matz Sels,be BEL,GK,Nott'ham Forest,eng Premier League,33,2880,2,0,0,50.6,1,0,1.19,74.5,40.6,2,0,0.1,35.1,71.1,2.9,0.19
2353,Alen Sherri,al ALB,GK,Cagliari,it Serie A,27,540,0,0,0,75.3,0,0,1.5,64,16.7,0,0,-0.07,37.3,32.7,6.3,0.83
2368,Rui Silva,pt POR,GK,Betis,es La Liga,31,1350,1,0,0.1,78.6,0,1,1.2,72.2,26.7,3,0,0.1,31.3,26,5.2,2.07
2369,Marco Silvestri,it ITA,GK,Empoli,it Serie A,34,450,0,0,0,63.5,1,0,2.2,59.3,0,0,0,-0.41,41.2,60.7,1.6,0.8
2375,Unai Simón,es ESP,GK,Athletic Club,es La Liga,27,1260,0,0,0,71.4,3,0,0.71,76.2,35.7,0,1,0.05,37.6,30.9,7.2,1.5
2383,Tobias Sippel,de GER,GK,Gladbach,de Bundesliga,37,59,0,0,0,58.8,0,0,4.58,25,0,0,0,-2.72,40.9,45.5,0,0
2389,Antonio Sivera,es ESP,GK,Alavés,es La Liga,28,2180,5,1,0.1,57.1,0,4,1.49,71.9,16,9,0,0.02,42,68.4,6.8,0.91
2395,Łukasz Skorupski,pl POL,GK,Bologna,it Serie A,33,2004,1,0,0,77.4,2,1,1.17,62.1,30.4,1,1,-0.02,37.2,28.3,7.2,0.72
2416,Yann Sommer,ch SUI,GK,Inter,it Serie A,36,2610,0,0,0,88,1,0,0.97,73.7,41.4,2,1,-0.01,44,17,3.8,0.38
2417,David Soria,es ESP,GK,Getafe,es La Liga,32,2790,1,0,0,51.3,2,0,0.9,76.1,29,6,1,0.11,37.3,69.2,4.8,0.84
2418,Juan Soriano,es ESP,GK,Leganés,es La Liga,27,540,1,1,0,53,0,0,1.17,72,16.7,0,0,0.47,30,56.5,5.4,0
2434,Marco Sportiello,it ITA,GK,Milan,it Serie A,32,126,0,0,0,83.6,0,0,1.43,66.7,100,0,0,0.12,38.5,21.7,6.7,2.14
2438,Filip Stankovic,rs SRB,GK,Venezia,it Serie A,23,1367,1,0,0,72.5,2,0,1.51,77.1,0,4,1,0.21,29.8,29.4,4.8,0.86
2443,Jason Steele,eng ENG,GK,Brighton,eng Premier League,34,180,0,0,0,90.2,0,0,0.5,75,50,0,0,-0.26,43.8,13.6,9.1,1.5
2456,Jakub Stolarczyk,pl POL,GK,Leicester City,eng Premier League,24,540,1,0,0,67.9,0,0,2,58.6,0,0,0,-0.18,41.7,49.7,5.3,1
2472,Zion Suzuki,jp JPN,GK,Parma,it Serie A,22,2774,2,1,0,69,4,3,1.53,67.7,16.7,5,0,-0.01,27.5,38.1,10.4,0.91
2476,Mile Svilar,rs SRB,GK,Roma,it Serie A,25,2880,1,0,0,79.7,2,0,1,78.8,37.5,4,0,0.24,30.7,23.3,6.4,0.84
2482,Wojciech Szczęsny,pl POL,GK,Barcelona,es La Liga,34,990,0,0,0,88.5,0,0,0.55,68.4,54.5,0,0,0.01,36,12.7,5.7,3.18
2515,Marc-André ter Stegen,de GER,GK,Barcelona,es La Liga,32,494,0,0,0,91.6,2,0,0.91,73.3,16.7,1,0,-0.08,46.4,13.4,4.7,1.09
2517,Pietro Terracciano,it ITA,GK,Fiorentina,it Serie A,35,270,0,0,0,78.7,0,0,1,76.9,33.3,0,0,0.03,32,28.2,5,1
2570,Kevin Trapp,de GER,GK,Eint Frankfurt,de Bundesliga,34,1845,0,0,0,73.7,3,0,1.46,71.7,19,0,2,0.07,25.3,29,5.1,0.83
2571,Mark Travers,ie IRL,GK,Bournemouth,eng Premier League,25,450,0,0,0,70.4,0,0,1,80,20,0,0,0.89,45.2,41.7,1.6,1
2582,Stefano Turati,it ITA,GK,Monza,it Serie A,23,2496,1,0,0,70.9,1,0,1.77,65.2,7.1,2,2,-0.08,40.2,38.9,5,0.79
2590,Sven Ulreich,de GER,GK,Bayern Munich,de Bundesliga,36,90,0,0,0,83.3,0,0,0,0,100,0,0,0,37.5,27.6,14.3,1
2597,Jonas Urbig,de GER,GK,Bayern Munich,de Bundesliga,21,450,0,0,0,83.2,1,0,1.8,50,0,0,0,-0.55,36.4,22.6,10.2,2.2
2615,Maarten Vandevoordt,be BEL,GK,RB Leipzig,de Bundesliga,23,225,0,0,0,81.8,0,0,0.8,77.8,0,0,0,-0.04,22.2,13.8,9.1,2.8
2619,Nikola Vasilj,ba BIH,GK,St. Pauli,de Bundesliga,29,2610,0,0,0,73.7,3,1,1.21,70.4,27.6,1,3,0.19,33.8,33.9,5.4,0.86
2620,Devis Vásquez,co COL,GK,Empoli,it Serie A,26,2250,2,0,0,60.9,3,1,1.32,67.7,24,1,1,-0.1,29.1,47.2,6.9,0.4
2637,Bart Verbruggen,nl NED,GK,Brighton,eng Premier League,22,2700,5,0,0,78.3,4,0,1.6,64.7,20,7,0,-0.18,32,24.7,7.2,1.47
2645,Guglielmo Vicario,it ITA,GK,Tottenham,eng Premier League,28,1800,1,0,0,89.8,3,0,1.25,69.9,20,0,0,0.24,30,8.2,10.9,1.3
2651,Fran Vieites,es ESP,GK,Betis,es La Liga,25,360,0,0,0,63.9,0,0,1.25,54.5,0,0,0,-0.09,22.2,40,9.2,1
2654,Iván Villar,es ESP,GK,Celta Vigo,es La Liga,27,360,0,0,0,81.2,0,0,2.25,50,0,0,1,0.3,13.6,14.6,1.5,1.25
2681,Christian Walton,eng ENG,GK,Ipswich Town,eng Premier League,29,540,0,0,0,67.3,1,0,2.67,57.6,16.7,2,0,-0.17,35.2,45.5,10.5,0.17
2686,Danny Ward,wls WAL,GK,Leicester City,eng Premier League,31,135,0,0,0,77.4,0,0,4,40,0,0,0,-2.11,45.5,37,0,1.33
2695,Timon Weiner,de GER,GK,Holstein Kiel,de Bundesliga,26,2250,4,0,0,68.8,3,1,2.44,59.3,8,4,0,-0.47,37.6,40.2,5.5,0.72
2769,Robin Zentner,de GER,GK,Mainz 05,de Bundesliga,30,2610,3,0,0.1,63.6,4,1,1.17,75.8,31,3,1,0.2,31.1,44.7,8.6,1.93
2776,Michael Zetterer,de GER,GK,Werder Bremen,de Bundesliga,29,2610,2,0,0,78.5,6,0,1.86,61.1,24.1,3,0,-0.18,36.1,27,7.7,0.79
