Rk,Player,Nation,Pos,Squad,Comp,Age,Min,Gls,Ast,G+A,PK,CrdY,CrdR,xG,xAG,npxG+xAG,PrgC,SoT%,SoT/90,G/Sh,G-xG,PKwon
5,Keyliane Abdallah,fr FRA,FW,Marseille,fr Ligue 1,19,3,0,0,0,0,0,0,0,0,0,1,0,0,0,0,0
14,Matthis Abline,fr FRA,FW,Nantes,fr Ligue 1,22,2248,8,2,10,1,2,0,7.6,3.1,9.9,58,36.9,0.96,0.11,0.4,0
18,Tammy Abraham,eng ENG,FW,Roma,it Serie A,27,1,0,0,0,0,0,0,0,0,0,0,0,0,0,0,0
19,Tammy Abraham,eng ENG,FW,Milan,it Serie A,27,1104,3,4,7,1,1,0,7,2.1,7.4,6,44,0.9,0.08,-4,1
23,Akor Adams,ng NGA,FW,Sevilla,es La Liga,25,134,0,0,0,0,0,0,0.4,0,0.4,0,50,0.67,0,-0.4,0
24,Akor Adams,ng NGA,FW,Montpellier,fr Ligue 1,25,1075,3,1,4,0,2,0,4.3,1,5.3,11,46.2,1,0.12,-1.3,2
25,Che Adams,sct SCO,FW,Torino,it Serie A,28,2157,8,3,11,0,2,0,6.4,1.9,7.5,19,42.6,0.83,0.17,1.6,0
27,Junior Adamu,at AUT,FW,Freiburg,de Bundesliga,23,1248,2,1,3,0,5,1,4.7,1.5,6.2,7,37.9,0.79,0.07,-2.7,0
30,Karim Adeyemi,de GER,"FW,MF",Dortmund,de Bundesliga,23,1171,4,4,8,0,3,0,4.2,5.3,9.5,56,35,1.08,0.1,-0.2,0
31,Simon Adingra,ci CIV,"FW,MF",Brighton,eng Premier League,23,824,2,1,3,0,0,0,2.2,1.7,3.9,30,29.2,0.76,0.08,-0.2,0
38,Oladapo Afolayan,eng ENG,"FW,MF",St. Pauli,de Bundesliga,27,1490,3,1,4,0,3,0,2.9,3.7,6.6,51,35.3,0.72,0.09,0.1,1
42,Jeremy Agbonifo,se SWE,"FW,MF",Lens,fr Ligue 1,19,200,1,0,1,0,0,0,0.6,0.2,0.8,7,50,0.9,0.25,0.4,0
52,Erik Ahlstrand,se SWE,"FW,MF",St. Pauli,de Bundesliga,23,43,0,0,0,0,0,0,0,0,0,1,0,0,0,0,0
56,Ayman Aiki,fr FRA,"FW,MF",Saint-Étienne,fr Ligue 1,19,127,0,0,0,0,0,0,0.1,0,0.1,4,33.3,0.71,0,-0.1,0
59,Junior Ajayi,ci CIV,FW,Hellas Verona,it Serie A,20,13,0,0,0,0,0,0,0,0,0,0,0,0,0,0,0
61,Ludovic Ajorque,fr FRA,FW,Brest,fr Ligue 1,31,2095,12,1,13,0,4,0,8.8,2.4,10.5,9,50,0.9,0.29,3.2,2
67,Maghnes Akliouche,fr FRA,"FW,MF",Monaco,fr Ligue 1,23,2047,4,8,12,1,2,0,7.6,6.1,12.9,107,25.5,0.57,0.06,-3.6,0
71,David Akpan Ankeye,ng NGA,"FW,MF",Genoa,it Serie A,23,45,0,0,0,0,0,0,0,0,0,0,0,0,0,0,0
73,Chuba Akpom,eng ENG,FW,Lille,fr Ligue 1,29,368,2,0,2,0,0,0,2.6,0.4,2.2,2,63.6,1.71,0.18,-0.6,0
75,Andreas Albers,dk DEN,FW,St. Pauli,de Bundesliga,35,62,1,0,1,0,0,0,0.6,0.1,0.7,1,33.3,1.45,0.33,0.4,0
83,Alfon,es ESP,"FW,MF",Celta Vigo,es La Liga,25,1026,4,2,6,0,1,1,3.8,2.3,6,72,37.5,1.32,0.1,0.2,1
84,Mohamed Ali Cho,fr FRA,"FW,MF",Nice,fr Ligue 1,21,1575,3,4,7,0,2,0,3.7,3.5,7.2,78,44.1,0.86,0.09,-0.7,0
85,Faride Alidou,de GER,"FW,MF",Hellas Verona,it Serie A,23,71,0,0,0,0,0,0,0,0,0,1,0,0,0,0,0
87,Tadeo Allende,ar ARG,FW,Celta Vigo,es La Liga,26,2,0,0,0,0,1,0,0,0,0,0,0,0,0,0,0
88,Jim Allevinah,ga GAB,FW,Angers,fr Ligue 1,30,1534,0,3,3,0,3,0,3.7,2.4,6.1,45,21.9,0.41,0,-3.7,1
92,Iker Almena,es ESP,"FW,DF",Girona,es La Liga,20,48,0,1,1,0,0,0,0,0.7,0.7,6,0,0,0,0,0
93,Miguel Almirón,py PAR,FW,Newcastle Utd,eng Premier League,31,157,0,0,0,0,0,0,0.5,0.3,0.8,3,33.3,1.15,0,-0.5,0
94,Pontus Almqvist,se SWE,"FW,MF",Parma,it Serie A,25,1107,1,1,2,0,5,0,2.1,1.3,3.5,42,34.6,0.73,0.04,-1.1,1
101,Julián Álvarez,ar ARG,"FW,MF",Atlético Madrid,es La Liga,25,1934,12,2,14,2,4,0,9.8,3,11.2,63,46.4,1.21,0.18,2.2,0
104,Will Alves,eng ENG,FW,Leicester City,eng Premier League,20,1,0,0,0,0,0,0,0,0,0,0,0,0,0,0,0
107,Amath,sn SEN,"FW,DF",Valladolid,es La Liga,28,316,0,1,1,0,1,0,0.4,0.2,0.6,7,20,0.28,0,-0.4,0
113,Samuel Amo-Ameyaw,eng ENG,"FW,DF",Southampton,eng Premier League,18,28,0,0,0,0,1,0,0,0.1,0.1,1,0,0,0,0,0
117,Mohamed Amoura,dz ALG,FW,Wolfsburg,de Bundesliga,24,2150,10,8,18,2,5,0,7.6,3.4,9.4,71,37.1,0.96,0.13,2.4,1
124,Marcos André,br BRA,FW,Valladolid,es La Liga,28,1174,1,2,3,0,5,0,2.7,0.8,3.5,11,9.1,0.15,0.05,-1.7,0
127,Lorenzo Anghelè,it ITA,FW,Juventus,it Serie A,20,6,0,0,0,0,0,0,0,0,0,0,0,0,0,0,0
130,Leandro Antonetti,pr PUR,FW,Sevilla,es La Liga,22,11,0,0,0,0,0,0,0,0,0,0,0,0,0,0,0
132,Michail Antonio,jm JAM,FW,West Ham,eng Premier League,35,836,1,1,2,0,1,0,2.2,1.6,3.8,29,21.1,0.43,0.05,-1.2,0
135,Antony,br BRA,FW,Betis,es La Liga,25,845,2,2,4,0,1,1,1.1,3.2,4.3,56,30.4,0.75,0.09,0.9,1
143,Cameron Archer,eng ENG,FW,Southampton,eng Premier League,23,1314,2,0,2,0,0,0,5.1,0.4,4.6,18,33.3,0.62,0.07,-3.1,0
146,Adu Ares,es ESP,FW,Athletic Club,es La Liga,23,19,0,0,0,0,0,0,0,0,0,1,0,0,0,0,0
150,Adam Armstrong,eng ENG,"FW,MF",Southampton,eng Premier League,28,1248,2,2,4,0,4,0,3.3,1.2,3.5,25,28,0.5,0.08,-1.3,0
154,Marko Arnautović,at AUT,FW,Inter,it Serie A,35,361,4,2,6,0,1,0,2.6,1.2,3.7,2,66.7,1.5,0.44,1.4,0
156,Jann-Fiete Arp,de GER,"FW,MF",Holstein Kiel,de Bundesliga,25,692,2,0,2,1,6,1,3.6,1,3.1,12,47.4,1.17,0.05,-1.6,0
160,Takuma Asano,jp JPN,"FW,MF",Mallorca,es La Liga,30,958,2,0,2,0,0,0,2.3,0.6,2.8,26,29.2,0.66,0.08,-0.3,0
163,Marco Asensio,es ESP,"FW,MF",Paris S-G,fr Ligue 1,29,618,2,4,6,0,0,0,5.6,2.7,8.3,19,53.8,2.04,0.08,-3.6,0
165,Iago Aspas,es ESP,"FW,MF",Celta Vigo,es La Liga,37,1536,8,3,11,4,4,1,7.5,3.1,6.7,45,37.5,0.88,0.1,0.5,1
166,Yaser Asprilla,co COL,"FW,MF",Girona,es La Liga,21,1067,3,0,3,0,2,0,1.6,1.8,3.4,53,24.2,0.67,0.09,1.4,0
177,Ezequiel Ávila,ar ARG,FW,Betis,es La Liga,31,677,2,0,2,0,5,1,1.5,1,2.5,12,50,1.33,0.1,0.5,0
178,Taiwo Awoniyi,ng NGA,FW,Nott'ham Forest,eng Premier League,27,363,1,0,1,0,0,0,2.1,0.1,2.2,6,40,0.99,0.1,-1.1,0
180,Florian Ayé,fr FRA,FW,Auxerre,fr Ligue 1,28,489,2,0,2,0,0,0,1.7,0.1,1.8,5,33.3,0.55,0.22,0.3,0
181,André Ayew,gh GHA,FW,Le Havre,fr Ligue 1,35,1209,4,1,5,0,2,0,4.1,0.1,4.1,4,38.9,0.52,0.22,-0.1,0
182,Jordan Ayew,gh GHA,"FW,MF",Crystal Palace,eng Premier League,33,21,0,0,0,0,1,0,0.5,0,0.5,0,0,0,0,-0.5,0
183,Jordan Ayew,gh GHA,"FW,MF",Leicester City,eng Premier League,33,1310,4,0,4,1,5,0,2.8,0.8,2.8,38,28,0.48,0.12,1.2,0
201,Leon Bailey,jm JAM,"FW,MF",Aston Villa,eng Premier League,27,1138,1,2,3,0,3,0,1.7,1.5,3.3,57,21.4,0.47,0.04,-0.7,1
203,Theo Bair,ca CAN,FW,Auxerre,fr Ligue 1,25,852,2,1,3,0,1,0,2.7,1.2,3.9,15,54.5,1.27,0.09,-0.7,0
205,Cédric Bakambu,cd COD,FW,Betis,es La Liga,34,609,2,2,4,0,4,0,3,0.6,3.6,8,45.5,1.48,0.09,-1,1
207,Mitchel Bakker,nl NED,"FW,DF",Lille,fr Ligue 1,24,1074,3,2,5,0,3,1,2.9,2.6,5.6,41,45.5,0.84,0.14,0.1,0
209,Ridle Baku,de GER,"FW,MF",Wolfsburg,de Bundesliga,27,1170,2,1,3,0,2,0,1.5,1.3,2.7,16,33.3,0.46,0.11,0.5,0
214,Keita Baldé,sn SEN,FW,Monza,it Serie A,30,464,1,0,1,0,1,0,0.5,0,0.5,14,20,0.39,0.1,0.5,0
220,Folarin Balogun,us USA,FW,Monaco,fr Ligue 1,23,510,3,0,3,0,0,0,4,0.9,4.9,18,26.9,1.24,0.12,-1,0
221,Mario Balotelli,it ITA,"FW,MF",Genoa,it Serie A,34,62,0,0,0,0,2,0,0,0,0,0,0,0,0,0,0
223,Jonathan Bamba,ci CIV,"FW,MF",Celta Vigo,es La Liga,29,811,0,1,1,0,1,0,0.8,1.8,2.6,31,46.2,0.67,0,-0.8,0
225,Samuel Bamba,de GER,"FW,DF",Bochum,de Bundesliga,21,14,0,0,0,0,0,0,0.1,0,0.1,2,100,6.43,0,-0.1,0
226,Lameck Banda,zm ZAM,"FW,MF",Lecce,it Serie A,24,551,0,1,1,0,1,0,0.8,0.9,1.7,22,21.4,0.49,0,-0.8,0
230,Scott Banks,sct SCO,"FW,MF",St. Pauli,de Bundesliga,23,101,0,0,0,0,1,0,0.3,0,0.3,3,0,0,0,-0.3,0
231,Adrian Baquerin,es ESP,FW,Valladolid,es La Liga,18,12,0,0,0,0,0,0,0,0,0,0,0,0,0,0,0
236,Bradley Barcola,fr FRA,FW,Paris S-G,fr Ligue 1,22,1832,13,9,22,0,2,0,12.2,9.2,21.5,115,48.5,1.57,0.2,0.8,0
241,Kike Barja,es ESP,"FW,MF",Osasuna,es La Liga,28,260,0,0,0,0,3,0,0.2,0.6,0.8,18,25,0.35,0,-0.2,0
244,Harvey Barnes,eng ENG,FW,Newcastle Utd,eng Premier League,27,1172,8,3,11,0,0,0,5.8,3.2,8.9,63,33.3,1.15,0.18,2.2,0
248,Thierno Barry,fr FRA,FW,Villarreal,es La Liga,22,1875,10,3,13,1,4,0,10.9,2.4,12.5,34,33.3,0.91,0.16,-0.9,1
257,Michy Batshuayi,be BEL,"FW,DF",Eint Frankfurt,de Bundesliga,31,207,2,0,2,0,2,0,0.8,0,0.9,3,66.7,0.87,0.67,1.2,0
265,Sheraldo Becker,sr SUR,"FW,MF",Real Sociedad,es La Liga,30,971,2,1,3,0,1,1,2,2,4,49,59.1,1.2,0.09,0,0
270,Kevin Behrens,de GER,FW,Wolfsburg,de Bundesliga,34,154,1,0,1,0,2,0,2.3,0.1,2.4,2,37.5,1.75,0.13,-1.3,0
271,Maximilian Beier,de GER,"FW,MF",Dortmund,de Bundesliga,22,1557,8,5,13,0,2,0,7.7,3.3,11,23,31,0.75,0.19,0.3,0
286,Andrea Belotti,it ITA,FW,Como,it Serie A,31,593,2,0,2,0,1,0,2.5,0.4,2.8,9,15.8,0.46,0.11,-0.5,0
291,Adrian Benedyczak,pl POL,"FW,MF",Parma,it Serie A,24,197,0,0,0,0,0,0,0.3,0,0.3,3,0,0,0,-0.3,0
293,Iker Benito,es ESP,"FW,MF",Osasuna,es La Liga,22,37,0,0,0,0,0,0,0,0,0,2,0,0,0,0,0
296,Saïd Benrahma,dz ALG,"FW,MF",Lyon,fr Ligue 1,29,735,1,3,4,0,0,0,2,2.1,4,41,23.5,0.49,0.06,-1,0
302,Álex Berenguer,es ESP,"FW,MF",Athletic Club,es La Liga,29,1855,5,7,12,0,4,0,6.2,4.5,9.9,53,35.6,0.78,0.11,-1.2,2
306,Mergim Berisha,de GER,"FW,MF",Hoffenheim,de Bundesliga,26,333,1,1,2,0,1,0,1,1,2,2,27.3,0.81,0.09,0,0
307,Mergim Berisha,de GER,FW,Augsburg,de Bundesliga,26,10,0,0,0,0,0,0,0.1,0,0.1,1,100,9,0,-0.1,0
320,Jan-Niklas Beste,de GER,"FW,MF",Freiburg,de Bundesliga,26,160,0,1,1,0,0,0,0.9,0.4,1.3,4,40,1.13,0,-0.9,0
321,Beto,gw GNB,FW,Everton,eng Premier League,27,1101,6,0,6,0,2,0,6.1,0.8,6.8,12,51.5,1.39,0.18,-0.1,0
325,Mika Biereth,dk DEN,FW,Monaco,fr Ligue 1,22,961,12,2,14,1,0,0,9.9,3.7,12.1,10,50,1.69,0.31,2.1,1
327,El Bilal Touré,ml MLI,"FW,MF",Stuttgart,de Bundesliga,23,356,2,1,3,0,0,0,1.6,1.1,2.8,6,28.6,1.01,0.14,0.4,0
342,Myron Boadu,nl NED,FW,Bochum,de Bundesliga,24,677,7,1,8,1,1,0,5.6,0.6,5.4,6,45,1.2,0.3,1.4,0
343,Augustine Boakye,gh GHA,"FW,MF",Saint-Étienne,fr Ligue 1,24,733,3,0,3,0,5,0,1.8,0.9,2.7,25,37.5,1.11,0.13,1.2,0
344,Oscar Bobb,no NOR,FW,Manchester City,eng Premier League,21,15,0,0,0,0,0,0,0,0.1,0.1,1,0,0,0,0,0
355,Victor Boniface,ng NGA,FW,Leverkusen,de Bundesliga,24,1006,8,1,9,0,2,0,7.8,1.1,8.1,26,34,1.52,0.16,0.2,0
357,Ange-Yoan Bonny,fr FRA,FW,Parma,it Serie A,21,2053,6,3,9,2,2,0,8.7,2.2,8.5,34,28.3,0.66,0.08,-2.7,1
369,Jarrod Bowen,eng ENG,"FW,MF",West Ham,eng Premier League,28,2456,8,5,13,1,1,0,7.2,5.4,11.9,89,40.8,1.06,0.1,0.8,0
381,Iker Bravo,es ESP,"FW,MF",Udinese,it Serie A,20,562,2,1,3,0,3,0,0.8,0.4,1.2,4,27.3,0.48,0.18,1.2,0
386,Ben Brereton,cl CHI,FW,Southampton,eng Premier League,25,449,0,0,0,0,1,0,0.9,0.1,1,12,9.1,0.2,0,-0.9,0
388,Maximilian Breunig,de GER,"FW,MF",Heidenheim,de Bundesliga,24,350,2,0,2,1,0,0,3.4,0.2,2.9,5,20,0.51,0.1,-1.4,0
391,Armando Broja,al ALB,FW,Everton,eng Premier League,23,272,0,0,0,0,1,0,0.1,0.2,0.3,12,0,0,0,-0.1,0
392,David Brooks,wls WAL,"FW,MF",Bournemouth,eng Premier League,27,793,2,0,2,0,3,0,2.2,1.7,3.9,25,45.5,1.13,0.09,-0.2,0
394,Moritz Broschinski,de GER,"FW,MF",Bochum,de Bundesliga,24,1291,1,3,4,0,1,0,4.1,1.7,5.8,32,30.6,0.77,0.03,-3.1,0
396,Jacob Bruun Larsen,dk DEN,"FW,MF",Hoffenheim,de Bundesliga,26,400,2,2,4,0,0,0,2.3,0.6,2.9,16,42.9,1.35,0.14,-0.3,0
400,Ante Budimir,hr CRO,FW,Osasuna,es La Liga,33,2372,16,3,19,7,3,0,14.9,1.6,11.2,22,29.4,0.76,0.13,1.1,6
405,Endika Buján,es ESP,FW,Athletic Club,es La Liga,22,7,0,0,0,0,0,0,0,0,0,1,0,0,0,0,0
406,Marius Bülter,de GER,FW,Hoffenheim,de Bundesliga,32,1345,4,1,5,0,4,0,3.1,2.6,5.6,43,44.4,0.8,0.15,0.9,1
407,Facundo Buonanotte,ar ARG,"FW,MF",Leicester City,eng Premier League,20,1399,4,2,6,0,7,0,3.6,3,6.6,37,32.3,0.64,0.13,0.4,0
410,Jonathan Burkardt,de GER,FW,Mainz 05,de Bundesliga,24,1665,15,2,17,1,0,0,12.3,2.7,14.1,25,43.1,1.19,0.27,2.7,1
411,Oliver Burke,sct SCO,FW,Werder Bremen,de Bundesliga,28,650,5,0,5,0,4,0,3.5,0.9,4.4,11,33.3,1.25,0.19,1.5,0
413,Rareș-Cătălin Burnete,ro ROU,FW,Lecce,it Serie A,21,19,0,0,0,0,0,0,0.1,0,0.1,0,0,0,0,-0.1,0
414,Wes Burns,wls WAL,"FW,DF",Ipswich Town,eng Premier League,30,926,0,1,1,0,1,0,0.5,1.6,2.2,38,14.3,0.1,0,-0.5,0
422,Rémy Cabella,fr FRA,"FW,MF",Lille,fr Ligue 1,35,898,0,2,2,0,1,0,2.7,1.9,4.6,41,24,0.6,0,-2.7,1
437,Dominic Calvert-Lewin,eng ENG,FW,Everton,eng Premier League,28,1574,3,1,4,0,2,0,6.1,0.6,6.7,22,37,0.97,0.07,-3.1,0
442,Francesco Camarda,it ITA,"FW,MF",Milan,it Serie A,17,161,0,0,0,0,0,0,0.4,0.4,0.8,2,20,0.56,0,-0.4,0
444,Nicolò Cambiaghi,it ITA,FW,Bologna,it Serie A,24,368,1,3,4,0,0,0,0.3,1.7,2,26,25,0.49,0.13,0.7,1
447,Sergio Camello,es ESP,FW,Rayo Vallecano,es La Liga,24,1134,3,2,5,0,2,0,4.1,2,6.1,20,28.1,0.71,0.09,-1.1,0
449,Thomas Campaniello,it ITA,FW,Empoli,it Serie A,17,24,0,0,0,0,0,0,0.5,0,0.5,0,0,0,0,-0.5,0
453,Matteo Cancellieri,it ITA,"FW,MF",Parma,it Serie A,23,1421,3,0,3,0,2,1,2.7,0.7,3.4,40,31.8,0.44,0.14,0.3,0
463,Gabin Capuano,fr FRA,FW,Lens,fr Ligue 1,18,11,0,0,0,0,0,0,0,0,0,0,0,0,0,0,0
464,Francesco Caputo,it ITA,FW,Empoli,it Serie A,37,6,0,0,0,0,0,0,0,0,0,0,0,0,0,0,0
472,Irvin Cardona,fr FRA,"FW,MF",Espanyol,es La Liga,27,606,1,1,2,0,1,0,1.1,0.6,1.7,14,30,0.45,0.1,-0.1,0
473,Irvin Cardona,fr FRA,FW,Saint-Étienne,fr Ligue 1,27,610,4,1,5,0,2,0,2.6,1,2.8,23,63.6,1.03,0.36,1.4,0
474,Marc Cardona,es ESP,"FW,DF",Las Palmas,es La Liga,29,104,0,0,0,0,1,0,0.2,0,0.2,2,0,0,0,-0.2,0
484,Fabio Carvalho,pt POR,"FW,MF",Brentford,eng Premier League,22,455,2,1,3,0,1,0,2.5,0.7,3.2,9,41.7,0.99,0.17,-0.5,0
494,Josué Casimir,fr FRA,"FW,MF",Le Havre,fr Ligue 1,23,1552,3,3,6,0,4,0,2.6,2.7,5.3,59,36.4,0.46,0.14,0.4,3
498,Valentín Castellanos,ar ARG,FW,Lazio,it Serie A,26,1846,9,3,12,2,6,1,12.1,2.5,12.5,24,34.5,1.41,0.08,-3.1,1
500,Santiago Castro,ar ARG,FW,Bologna,it Serie A,20,2131,8,4,12,0,5,0,7,2.3,8.6,15,35.7,0.84,0.14,1,0
507,Abdoulie Ceesay,gm GAM,FW,St. Pauli,de Bundesliga,21,60,0,0,0,0,1,0,0,0,0,0,0,0,0,0,0
510,Alberto Cerri,it ITA,FW,Como,it Serie A,28,87,0,0,0,0,0,0,1,0,1,0,25,1.03,0,-1,0
511,Franco Cervi,ar ARG,"FW,MF",Celta Vigo,es La Liga,30,258,0,0,0,0,1,0,0,0.3,0.3,3,0,0,0,0,0
514,Fares Chaïbi,dz ALG,"FW,MF",Eint Frankfurt,de Bundesliga,22,854,1,1,2,0,2,0,2.4,1.7,4.1,13,26.1,0.63,0.04,-1.4,0
520,Gabriel Charpentier,cg CGO,FW,Parma,it Serie A,25,271,1,2,3,0,1,0,1.3,0.9,2.3,6,44.4,1.33,0.11,-0.3,1
526,Walid Cheddira,ma MAR,FW,Napoli,it Serie A,27,12,0,0,0,0,0,0,0,0,0,0,0,0,0,0,0
527,Walid Cheddira,ma MAR,FW,Espanyol,es La Liga,27,611,1,1,2,0,2,0,0.9,1.2,2.1,7,30,0.44,0.1,0.1,1
530,Sidiki Cherif,fr FRA,FW,Angers,fr Ligue 1,18,324,0,0,0,0,0,0,0.7,0.2,0.9,8,40,0.56,0,-0.7,0
531,Rayan Cherki,fr FRA,"FW,MF",Lyon,fr Ligue 1,21,1663,8,9,17,0,3,0,4.6,9.1,13.7,72,42.9,0.81,0.23,3.4,0
532,Youssef Chermiti,pt POR,"FW,MF",Everton,eng Premier League,20,17,0,0,0,0,1,0,0.1,0,0.1,0,50,5.29,0,-0.1,0
537,Federico Chiesa,it ITA,FW,Liverpool,eng Premier League,27,37,0,0,0,0,0,0,0.2,0,0.2,2,50,4.86,0,-0.2,0
547,Samuel Chukwueze,ng NGA,"FW,MF",Milan,it Serie A,25,846,3,0,3,0,0,0,2.5,2.3,4.8,44,25.8,0.85,0.1,0.5,0
552,Alphadjo Cissè,it ITA,"FW,MF",Hellas Verona,it Serie A,18,9,0,0,0,0,0,0,0,0,0,0,100,20,0,0,0
558,Jack Clarke,eng ENG,"FW,MF",Ipswich Town,eng Premier League,24,960,0,4,4,0,2,0,1,1.9,2.9,27,14.3,0.19,0,-1,0
570,Lorenzo Colombo,it ITA,"FW,MF",Empoli,it Serie A,23,1975,5,2,7,1,3,0,5.5,2.8,7.6,23,32.7,0.73,0.08,-0.5,0
571,Andrea Colpani,it ITA,"FW,MF",Fiorentina,it Serie A,25,1414,2,1,3,0,1,0,2.7,1.3,3.9,37,33.3,0.76,0.06,-0.7,0
573,Florinel Coman,ro ROU,"FW,MF",Cagliari,it Serie A,27,227,1,0,1,0,1,0,0.2,0,0.2,3,25,0.4,0.25,0.8,0
574,Kingsley Coman,fr FRA,FW,Bayern Munich,de Bundesliga,28,1049,4,4,8,0,0,0,3.8,3.2,6.9,55,39.5,1.29,0.11,0.2,0
578,Francisco Conceição,pt POR,"FW,MF",Juventus,it Serie A,22,1067,3,3,6,0,5,1,1.6,4,5.7,73,39.3,0.93,0.11,1.4,0
580,Tomás Conechny,ar ARG,"FW,MF",Alavés,es La Liga,27,724,1,0,1,0,5,0,2.3,0.3,2.6,12,42.1,0.99,0.05,-1.3,0
582,Sirlord Conteh,de GER,"FW,MF",Heidenheim,de Bundesliga,28,750,1,1,2,0,1,0,1.4,2.3,3.7,27,36.4,0.48,0.09,-0.4,0
589,Maxwel Cornet,ci CIV,FW,Southampton,eng Premier League,28,72,0,0,0,0,1,0,0.2,0,0.2,1,0,0,0,-0.2,0
590,Maxwel Cornet,ci CIV,"FW,MF",Genoa,it Serie A,28,237,2,1,3,0,0,0,1,0.6,1.6,8,60,1.14,0.4,1,0
592,Ángel Correa,ar ARG,"FW,MF",Atlético Madrid,es La Liga,30,694,3,1,4,0,3,1,4.2,1.2,5.4,21,40,1.56,0.1,-1.2,0
593,Joaquín Correa,ar ARG,"FW,MF",Inter,it Serie A,30,347,1,2,3,0,2,0,0.9,1.5,2.3,8,33.3,0.52,0.17,0.1,0
605,Lasso Coulibaly,gh GHA,"FW,MF",Auxerre,fr Ligue 1,22,38,1,0,1,0,0,0,0.2,0,0.2,0,50,2.37,0.5,0.8,0
608,Tanguy Coulibaly,fr FRA,"FW,MF",Montpellier,fr Ligue 1,24,970,2,0,2,0,3,2,2.7,1,3.7,39,43.5,0.93,0.09,-0.7,0
620,Juan Cruz,es ESP,"FW,DF",Leganés,es La Liga,24,1940,4,3,7,0,2,0,1.7,3.3,5,55,40,0.56,0.13,2.3,0
623,Cucho,co COL,FW,Betis,es La Liga,25,610,2,0,2,0,0,0,2.6,1.1,3.7,16,20,0.59,0.1,-0.6,1
627,Patrick Cutrone,it ITA,FW,Como,it Serie A,27,1824,6,3,9,0,1,0,6,2,7.2,45,37.9,1.09,0.1,0,1
628,Tomáš Čvančara,cz CZE,FW,Gladbach,de Bundesliga,24,614,1,0,1,0,4,1,3,0.4,3.4,12,35,1.03,0.05,-2,0
636,Patson Daka,zm ZAM,"FW,MF",Leicester City,eng Premier League,26,617,1,0,1,0,0,0,1.3,0,1.3,9,26.7,0.58,0.07,-0.3,0
638,Thijs Dallinga,nl NED,FW,Bologna,it Serie A,24,801,2,0,2,0,1,0,3.6,0.4,4,5,30.8,0.9,0.08,-1.6,1
641,Maat Daniel Caprini,it ITA,FW,Fiorentina,it Serie A,19,8,0,0,0,0,0,0,0,0,0,0,0,0,0,0,0
645,Arnaut Danjuma,nl NED,FW,Villarreal,es La Liga,28,200,2,0,2,0,1,0,0.8,0,0.8,4,50,1.35,0.33,1.2,0
646,Arnaut Danjuma,nl NED,"FW,MF",Girona,es La Liga,28,1234,2,0,2,0,2,0,3.4,1.6,4.9,86,48.1,0.95,0.07,-1.4,0
653,Mohammed Daramy,dk DEN,FW,Reims,fr Ligue 1,23,16,0,0,0,0,0,0,0,0.1,0.1,3,0,0,0,0,0
659,Jonathan David,ca CAN,FW,Lille,fr Ligue 1,25,2122,14,3,17,6,4,0,14.3,3.6,12.3,29,43.1,0.93,0.16,-0.3,1
662,Keinan Davis,eng ENG,FW,Udinese,it Serie A,27,709,2,1,3,0,2,0,1.5,2,3.5,16,35.7,0.63,0.14,0.5,0
664,Zuriko Davitashvili,ge GEO,"FW,MF",Saint-Étienne,fr Ligue 1,24,2246,7,6,13,2,1,0,6.3,3.6,8.3,82,37.3,0.76,0.1,0.7,2
677,Romain Del Castillo,fr FRA,FW,Brest,fr Ligue 1,29,1068,5,3,8,3,0,0,4.6,2.7,4.1,27,50,0.59,0.14,0.4,0
680,Liam Delap,eng ENG,FW,Ipswich Town,eng Premier League,22,2344,12,2,14,2,8,0,9,1.9,9.3,58,45.8,1.04,0.17,3,2
682,Andy Delort,dz ALG,FW,Montpellier,fr Ligue 1,33,517,0,0,0,0,1,0,1.3,0.9,2.2,4,37.5,1.04,0,-1.3,0
685,Ousmane Dembélé,fr FRA,FW,Paris S-G,fr Ligue 1,27,1528,21,5,26,1,1,0,14.9,7,21.2,119,52.4,2.53,0.24,6.1,1
686,Ermedin Demirović,ba BIH,FW,Stuttgart,de Bundesliga,27,1620,13,0,13,0,2,0,11.6,1.4,11.3,18,42.3,1.22,0.25,1.4,0
695,Mamadou Diakhon,fr FRA,"FW,MF",Reims,fr Ligue 1,19,722,2,1,3,0,2,0,0.9,1.1,1.9,50,46.7,0.87,0.13,1.1,1
697,Oumar Diakité,ci CIV,FW,Reims,fr Ligue 1,21,1599,4,1,5,0,6,0,5.5,1.1,5.8,24,34.6,0.51,0.15,-1.5,0
698,Amad Diallo,ci CIV,"FW,MF",Manchester Utd,eng Premier League,22,1594,6,6,12,0,3,0,4.1,3.9,8,92,32.5,0.73,0.15,1.9,1
699,Assane Diao,sn SEN,"FW,MF",Como,it Serie A,19,1162,6,1,7,0,2,0,3.2,0.4,3.6,48,42.3,0.85,0.23,2.8,0
700,Assane Diao,sn SEN,FW,Betis,es La Liga,19,277,1,2,3,0,0,0,0.8,1.5,2.3,9,14.3,0.32,0.14,0.2,0
705,Kandet Diawara,gn GUI,FW,Le Havre,fr Ligue 1,25,4,0,0,0,0,0,0,0,0,0,0,0,0,0,0,0
708,Brahim Díaz,ma MAR,"FW,MF",Real Madrid,es La Liga,25,1175,4,2,6,0,0,0,4.6,2.6,7.3,31,45.5,0.77,0.18,-0.6,0
710,Luis Díaz,co COL,FW,Liverpool,eng Premier League,28,2061,11,5,16,0,2,0,9.1,4.4,13.5,101,41.9,1.14,0.18,1.9,2
712,Tyler Dibling,eng ENG,"FW,MF",Southampton,eng Premier League,19,1667,2,0,2,0,6,0,2.4,1.5,3.9,65,33.3,0.49,0.07,-0.4,2
713,Diego,es ESP,"FW,MF",Leganés,es La Liga,24,830,3,0,3,0,1,0,3.4,0.2,3.6,8,36.4,0.87,0.14,-0.4,1
714,Justin Diehl,de GER,"FW,DF",Stuttgart,de Bundesliga,20,104,1,0,1,0,0,0,1,0.1,1.1,5,14.3,0.87,0.14,0,0
715,Bamba Dieng,sn SEN,FW,Angers,fr Ligue 1,25,532,3,0,3,1,1,0,3.1,0,2.4,6,46.2,1.02,0.15,-0.1,1
724,Yan Diomandé,ci CIV,"FW,MF",Leganés,es La Liga,18,72,0,0,0,0,0,0,0.1,0,0.1,3,50,1.25,0,-0.1,0
725,Lois Diony,fr FRA,FW,Angers,fr Ligue 1,32,21,0,0,0,0,0,0,0,0,0,0,0,0,0,0,0
727,Sérigné Diop,sn SEN,FW,Brest,fr Ligue 1,19,4,0,0,0,0,0,0,0,0,0,0,0,0,0,0,0
735,Álvaro djaló,es ESP,FW,Athletic Club,es La Liga,25,515,1,0,1,0,1,0,0.8,0.7,1.5,18,21.4,0.52,0.07,0.2,0
740,Ritsu Doan,jp JPN,"FW,MF",Freiburg,de Bundesliga,26,2431,8,7,15,0,1,0,6.1,3,9,57,32.7,0.67,0.15,1.9,1
744,Jeremy Doku,be BEL,"FW,MF",Manchester City,eng Premier League,22,1277,3,4,7,0,1,0,1,3.5,4.6,169,37.5,0.63,0.13,2,0
745,Marc Domenech,es ESP,FW,Mallorca,es La Liga,19,133,0,0,0,0,0,0,0.1,0,0.2,0,33.3,0.68,0,-0.1,0
747,Benjamín Domínguez,ar ARG,FW,Bologna,it Serie A,21,1022,3,2,5,0,0,0,2.2,0.4,2.5,45,59.3,1.41,0.11,0.8,0
749,Israel Domínguez,es ESP,FW,Sevilla,es La Liga,21,18,0,0,0,0,0,0,0,0,0,0,0,0,0,0,0
762,Désiré Doué,fr FRA,"FW,MF",Paris S-G,fr Ligue 1,19,1429,5,6,11,0,1,0,3.7,6.4,10.2,84,35.4,1.07,0.1,1.3,1
769,Anastasios Douvikas,gr GRE,FW,Como,it Serie A,25,292,2,0,2,0,1,0,1.8,0.2,2,5,50,0.92,0.33,0.2,0
770,Anastasios Douvikas,gr GRE,FW,Celta Vigo,es La Liga,25,700,3,1,4,0,2,0,4.4,0.2,4.7,6,52.9,1.16,0.18,-1.4,0
771,Artem Dovbyk,ua UKR,FW,Roma,it Serie A,27,2152,11,2,13,2,0,0,11.3,2.3,12,21,40.4,0.96,0.16,-0.3,0
779,Marvin Ducksch,de GER,FW,Werder Bremen,de Bundesliga,31,2018,7,7,14,1,3,0,8.6,6.1,13.1,20,39.7,1.03,0.1,-1.6,0
785,Jáder Durán,co COL,FW,Aston Villa,eng Premier League,21,638,7,0,7,0,3,1,4.9,0.2,5.1,7,48.4,2.12,0.23,2.1,0
786,Pablo Durán,es ESP,"FW,MF",Celta Vigo,es La Liga,23,1081,4,3,7,0,3,0,3,2.1,5.2,19,36.8,0.58,0.21,1,0
787,Julien Duranville,be BEL,"FW,MF",Dortmund,de Bundesliga,18,262,0,0,0,0,3,0,0.1,0.3,0.4,14,33.3,0.34,0,-0.1,1
788,Hugo Duro,es ESP,FW,Valencia,es La Liga,25,1744,8,2,10,0,3,0,6.9,1.2,8.1,11,33.3,0.67,0.21,1.1,0
790,Paulo Dybala,ar ARG,"FW,MF",Roma,it Serie A,31,1417,6,3,9,3,2,0,6.4,5,9,41,31.9,0.95,0.06,-0.4,2
801,Odsonne Édouard,fr FRA,FW,Leicester City,eng Premier League,27,29,0,0,0,0,0,0,0,0,0,0,0,0,0,0,0
804,Johannes Eggestein,de GER,FW,St. Pauli,de Bundesliga,26,1823,3,4,7,1,3,0,4.7,2.1,5.2,25,29.4,0.49,0.06,-1.7,0
807,Chidera Ejuke,ng NGA,FW,Sevilla,es La Liga,27,904,2,1,3,0,0,0,1.1,1.6,2.7,72,40,0.8,0.1,0.9,0
808,Jeff Ekhator,it ITA,"FW,MF",Genoa,it Serie A,18,659,1,1,2,0,1,0,1.3,1,2.3,4,30,0.41,0.1,-0.3,0
809,Hugo Ekitike,fr FRA,FW,Eint Frankfurt,de Bundesliga,22,2125,14,5,19,1,1,0,19.5,5.2,22.4,78,36.7,1.52,0.13,-5.5,1
813,Caleb Ekuban,gh GHA,FW,Genoa,it Serie A,31,513,1,3,4,0,1,0,2.8,0.7,3.5,5,33.3,1.05,0.06,-1.8,0
815,Anthony Elanga,se SWE,FW,Nott'ham Forest,eng Premier League,22,2007,6,8,14,0,1,0,3.9,4.3,8.3,79,45.7,0.72,0.17,2.1,0
816,Meschak Elia,cd COD,FW,Nantes,fr Ligue 1,27,156,1,0,1,0,0,0,1.1,0.1,1.2,8,20,0.58,0.2,-0.1,0
819,Elif Elmas,mk MKD,"FW,MF",Torino,it Serie A,25,596,4,0,4,0,0,0,1.1,0.3,1.4,19,53.8,1.06,0.31,2.9,0
823,Adri Embarba,es ESP,"FW,MF",Rayo Vallecano,es La Liga,32,1394,1,1,2,0,4,0,1.5,2.7,4.2,42,32.3,0.65,0.03,-0.5,0
824,Breel Embolo,ch SUI,"FW,MF",Monaco,fr Ligue 1,28,1518,6,4,10,0,5,0,10.1,4.6,14.7,18,34.8,0.95,0.13,-4.1,2
825,Emanuel Emegha,nl NED,FW,Strasbourg,fr Ligue 1,22,2023,13,2,15,0,5,0,15.2,2.3,17.6,36,58.2,1.42,0.24,-2.2,0
827,Yunus Emre Konak,tr TUR,"FW,MF",Brentford,eng Premier League,19,31,0,0,0,0,0,0,0.2,0,0.2,1,0,0,0,-0.2,0
831,Endrick,br BRA,FW,Real Madrid,es La Liga,18,130,1,0,1,0,1,0,1.1,0.3,1.4,7,26.7,2.77,0.07,-0.1,1
840,Samuel Essende,cd COD,FW,Augsburg,de Bundesliga,27,1434,7,2,9,0,4,1,3.3,1.2,4.5,31,36.1,0.82,0.19,3.7,0
842,Estanis,es ESP,FW,Bologna,it Serie A,21,9,0,0,0,0,0,0,0.1,0.2,0.2,1,0,0,0,-0.1,0
845,Etienne Eto'o,cm CMR,FW,Rayo Vallecano,es La Liga,22,40,0,0,0,0,0,0,0,0,0,0,0,0,0,0,0
846,Evanilson,br BRA,FW,Bournemouth,eng Premier League,25,1723,9,0,9,0,0,0,10.3,1.5,11,24,49.1,1.41,0.16,-1.3,5
847,Jake Evans,0,FW,Leicester City,eng Premier League,16,1,0,0,0,0,0,0,0,0,0,0,0,0,0,0,0
851,Abde Ezzalzouli,ma MAR,"FW,MF",Betis,es La Liga,23,1613,1,1,2,0,2,0,7.2,1.7,8.1,100,36,1,0.02,-6.2,1
854,Alieu Fadera,gm GAM,"FW,DF",Como,it Serie A,23,1600,1,3,4,0,2,1,1.6,3.9,5.5,73,33.3,0.51,0.04,-0.6,0
861,Abdul Fatawu Issahaku,gh GHA,FW,Leicester City,eng Premier League,21,579,0,2,2,0,0,0,0.4,1.6,2,42,38.5,0.78,0,-0.4,0
862,Ansu Fati,es ESP,FW,Barcelona,es La Liga,22,127,0,0,0,0,1,0,0.6,0.1,0.7,4,60,2.13,0,-0.6,0
868,João Félix,pt POR,"FW,MF",Chelsea,eng Premier League,25,369,1,1,2,0,2,0,2.2,1,3.2,21,25,1.22,0.05,-1.2,0
871,Evan Ferguson,ie IRL,FW,West Ham,eng Premier League,20,140,0,0,0,0,0,0,0.6,0.3,0.9,1,20,0.64,0,-0.6,0
872,Evan Ferguson,ie IRL,FW,Brighton,eng Premier League,20,246,1,0,1,0,0,0,0.5,0.4,1,2,28.6,0.73,0.14,0.5,0
874,Zinedine Ferhat,dz ALG,"FW,MF",Angers,fr Ligue 1,32,718,2,0,2,0,1,0,1.4,2,3.4,15,41.7,0.63,0.17,0.6,0
882,Roberto Férnandez,es ESP,FW,Espanyol,es La Liga,22,818,5,0,5,0,1,0,2.7,0.1,2.8,4,46.2,0.66,0.38,2.3,1
884,Matias Fernandez-Pardo,be BEL,FW,Lille,fr Ligue 1,20,662,3,1,4,0,3,0,2.1,1.2,3.3,30,75,1.22,0.25,0.9,1
887,Daniel Fila,cz CZE,FW,Venezia,it Serie A,22,342,1,0,1,0,3,1,1.1,0.3,1.4,5,66.7,1.05,0.17,-0.1,0
893,Malick Fofana,be BEL,FW,Lyon,fr Ligue 1,20,1206,4,4,8,0,1,0,3.6,2.5,6.1,77,50,0.97,0.15,0.4,1
894,Rayan Fofana,fr FRA,"FW,MF",Lens,fr Ligue 1,19,25,0,0,0,0,0,0,0,0,0,0,0,0,0,0,0
900,Michael Folorunsho,it ITA,"FW,MF",Fiorentina,it Serie A,27,543,0,0,0,0,4,0,0.7,0.6,1.3,8,40,0.33,0,-0.7,0
901,Michael Folorunsho,it ITA,"FW,MF",Napoli,it Serie A,27,35,0,0,0,0,0,0,0.1,0,0.1,0,0,0,0,-0.1,0
911,Matheus França,br BRA,"FW,MF",Crystal Palace,eng Premier League,21,26,1,0,1,0,0,0,0.1,0,0.1,1,66.7,6.92,0.33,0.9,0
915,Ryan Fraser,sct SCO,"FW,DF",Southampton,eng Premier League,31,306,0,0,0,0,0,1,0,0.1,0.1,10,100,0.29,0,0,0
923,Jorge de Frutos,es ESP,"FW,MF",Rayo Vallecano,es La Liga,28,2062,4,3,7,0,2,1,4.6,3.3,7.9,69,31,0.57,0.1,-0.6,0
926,Shiō Fukuda,jp JPN,"FW,MF",Gladbach,de Bundesliga,21,43,1,0,1,0,0,0,0.3,0,0.3,0,100,2.09,1,0.7,0
928,Niclas Füllkrug,de GER,FW,West Ham,eng Premier League,32,465,3,1,4,0,2,0,1.8,1.5,3.3,4,33.3,0.77,0.25,1.2,0
929,Kyogo Furuhashi,jp JPN,FW,Rennes,fr Ligue 1,30,123,0,0,0,0,0,0,0.1,0,0.1,0,0,0,0,-0.1,0
930,Manuel Fuster,es ESP,"FW,MF",Las Palmas,es La Liga,27,733,2,1,3,0,2,0,0.6,1.5,2.1,17,46.2,0.74,0.15,1.4,0
933,Alessandro Gabrielloni,it ITA,"FW,MF",Como,it Serie A,30,112,1,1,2,0,1,0,0.3,0.8,1.1,4,50,1.61,0.25,0.7,0
936,Cody Gakpo,nl NED,FW,Liverpool,eng Premier League,25,1501,8,3,11,0,4,0,6,3.5,9.4,41,38.6,1.02,0.18,2,1
944,Ignatius Ganago,cm CMR,"FW,MF",Nantes,fr Ligue 1,26,241,0,0,0,0,1,0,0.4,0.3,0.7,5,0,0,0,-0.4,0
945,Silvère Ganvoula M'Boussy,cg CGO,FW,Monza,it Serie A,28,311,0,0,0,0,0,0,0.4,0.2,0.6,3,25,0.29,0,-0.4,0
948,Álvaro García,es ESP,"FW,MF",Rayo Vallecano,es La Liga,32,2011,3,5,8,0,4,0,5.6,4.3,9.9,56,32.7,0.72,0.06,-2.6,1
953,Pablo Garcia,es ESP,FW,Betis,es La Liga,18,26,0,0,0,0,0,0,0,0,0,1,0,0,0,0,0
954,Rubén García,es ESP,"FW,MF",Osasuna,es La Liga,31,1974,2,4,6,0,2,0,2,2.6,4.6,29,31.6,0.27,0.11,0,1
973,Tyrique George,eng ENG,FW,Chelsea,eng Premier League,19,89,0,1,1,0,1,0,0.1,0.7,0.8,9,0,0,0,-0.1,0
982,Bryan Gil,es ESP,"FW,MF",Girona,es La Liga,24,1721,3,3,6,0,4,0,2.3,2.9,5.2,76,46.9,0.78,0.09,0.7,0
987,Santiago Giménez,mx MEX,FW,Milan,it Serie A,23,567,2,1,3,0,3,0,3.5,0.7,3.4,11,33.3,0.95,0.11,-1.5,0
990,Jamie Gittens,eng ENG,"FW,MF",Dortmund,de Bundesliga,20,1633,8,3,11,0,3,0,3.5,2.5,6,106,46,1.27,0.16,4.5,0
991,Serge Gnabry,de GER,"FW,MF",Bayern Munich,de Bundesliga,29,897,6,3,9,0,0,0,6.7,4.1,10,39,38.5,1.51,0.15,-0.7,0
994,Martial Godo,eng ENG,FW,Fulham,eng Premier League,22,16,0,0,0,0,0,0,0,0,0,0,0,0,0,0,0
1005,Dani Gómez,es ESP,FW,Valencia,es La Liga,26,532,2,0,2,0,0,0,2.7,0,2.7,3,42.9,1.02,0.14,-0.7,0
1015,Nicolás González,ar ARG,"FW,MF",Juventus,it Serie A,27,1301,1,2,3,0,0,0,2.8,1,3.8,29,44.1,1.04,0.03,-1.8,0
1019,Anthony Gordon,eng ENG,FW,Newcastle Utd,eng Premier League,24,2121,6,5,11,1,2,0,7.8,4.9,11.2,104,28.8,0.64,0.1,-1.8,1
1026,Amine Gouiri,dz ALG,"FW,MF",Marseille,fr Ligue 1,25,656,4,3,7,0,0,0,4.8,2.9,7.6,14,43.2,2.2,0.11,-0.8,0
1037,Jack Grealish,eng ENG,"FW,MF",Manchester City,eng Premier League,29,720,1,1,2,0,3,0,1.1,1.8,3,69,33.3,0.62,0.07,-0.1,0
1039,Mason Greenwood,eng ENG,"FW,MF",Marseille,fr Ligue 1,23,2364,16,3,19,5,2,0,12.3,4.6,12.1,107,42.4,1.48,0.12,3.7,2
1040,Michael Gregoritsch,at AUT,FW,Freiburg,de Bundesliga,30,577,2,1,3,0,2,0,1.8,0.4,2.2,6,40,0.94,0.13,0.2,0
1042,Antoine Griezmann,fr FRA,"FW,MF",Atlético Madrid,es La Liga,34,2164,8,5,13,1,2,0,6.2,5.5,10.1,41,35.9,0.58,0.18,1.8,0
1043,Vincenzo Grifo,it ITA,"FW,MF",Freiburg,de Bundesliga,32,2041,8,8,16,0,2,0,7.6,5.6,10.8,48,42.1,1.06,0.14,0.4,0
1048,Brajan Gruda,de GER,"FW,MF",Brighton,eng Premier League,20,498,0,1,1,0,0,0,0.4,0.7,1.1,15,50,0.36,0,-0.4,0
1049,Marco Grüll,at AUT,"FW,MF",Werder Bremen,de Bundesliga,26,1054,6,1,7,0,1,0,3.9,1.6,5.5,21,41.7,0.85,0.25,2.1,0
1050,Albert Grønbaek,dk DEN,"FW,MF",Southampton,eng Premier League,23,143,0,0,0,0,0,0,0.1,0,0.1,1,0,0,0,-0.1,0
1053,Sergi Guardiola,es ESP,FW,Rayo Vallecano,es La Liga,33,313,0,0,0,0,1,0,2.4,0.1,2.5,1,27.3,0.86,0,-2.4,0
1057,Axel Gueguin,fr FRA,FW,Montpellier,fr Ligue 1,20,23,0,0,0,0,0,0,0,0,0,0,0,0,0,0,0
1062,Evann Guessand,ci CIV,"FW,MF",Nice,fr Ligue 1,23,2415,11,7,18,0,2,0,8.1,4.5,12.6,84,43.1,0.93,0.19,2.9,1
1065,Morgan Guilavogui,gn GUI,"FW,MF",St. Pauli,de Bundesliga,27,1383,5,1,6,0,6,0,5.8,1.8,7.7,30,30.3,0.65,0.15,-0.8,0
1071,Bahereba Guirassy,fr FRA,"FW,MF",Nantes,fr Ligue 1,18,317,2,0,2,0,0,0,0.7,0.1,0.8,13,57.1,1.14,0.29,1.3,0
1072,Serhou Guirassy,gn GUI,FW,Dortmund,de Bundesliga,29,2163,15,2,17,2,3,0,17.8,3.7,19.9,16,35.6,1.08,0.18,-2.8,2
1073,Marc Guiu,es ESP,FW,Chelsea,eng Premier League,19,73,0,0,0,0,0,0,0,0,0,0,0,0,0,0,0
1081,Gorka Guruzeta,es ESP,FW,Athletic Club,es La Liga,28,1504,6,2,8,0,2,0,4.7,0.8,5.4,6,33.3,0.96,0.13,1.3,0
1087,Christian Gytkjær,dk DEN,FW,Venezia,it Serie A,34,489,2,0,2,1,0,0,1.6,0.1,1,2,20,0.37,0.1,0.4,0
1088,Erling Haaland,no NOR,FW,Manchester City,eng Premier League,24,2480,21,3,24,2,2,0,20.8,2.8,21.2,19,54.5,1.96,0.19,0.2,0
1091,Robin Hack,de GER,FW,Gladbach,de Bundesliga,26,1860,4,5,9,0,4,0,4.6,2.8,7.4,41,43.8,1.02,0.08,-0.6,1
1093,Munir El Haddadi,ma MAR,"FW,MF",Leganés,es La Liga,29,563,2,0,2,0,1,1,0.7,0.6,1.4,7,40,0.64,0.2,1.3,0
1100,Sébastien Haller,ci CIV,FW,Leganés,es La Liga,30,404,0,0,0,0,0,0,0.4,0.2,0.6,3,25,0.22,0,-0.4,0
1101,Ali Al Hamadi,iq IRQ,FW,Ipswich Town,eng Premier League,23,134,0,0,0,0,3,0,0.4,0.1,0.4,4,0,0,0,-0.4,0
1107,Phil Harres,de GER,FW,Holstein Kiel,de Bundesliga,23,1421,8,1,9,0,3,0,4.9,1.1,6,8,44.1,0.95,0.24,3.1,0
1108,Jack Harrison,eng ENG,FW,Everton,eng Premier League,28,1747,1,0,1,0,0,0,3.3,3.6,6.9,56,22.2,0.31,0.04,-2.3,1
1113,Kai Havertz,de GER,"FW,MF",Arsenal,eng Premier League,25,1839,9,3,12,0,4,0,9.4,2.4,11.8,34,40.4,1.03,0.17,-0.4,0
1138,Son Heung-min,kr KOR,FW,Tottenham,eng Premier League,32,2004,7,9,16,1,1,0,7,8.2,13.7,87,45.3,1.08,0.11,0,1
1144,George Hirst,sct SCO,FW,Ipswich Town,eng Premier League,26,370,2,1,3,0,1,0,1.2,0.3,1.5,7,50,0.97,0.25,0.8,0
1145,Adam Hložek,cz CZE,"FW,MF",Hoffenheim,de Bundesliga,22,1522,6,2,8,0,2,0,4.7,3.1,7.8,41,36,1.06,0.12,1.3,0
1149,Philipp Hofmann,de GER,FW,Bochum,de Bundesliga,32,2131,3,3,6,0,4,0,5,3.3,8.4,8,37.5,0.76,0.06,-2,0
1150,Lucas Höler,de GER,"FW,MF",Freiburg,de Bundesliga,30,1571,3,4,7,0,2,0,6.4,2.3,7.9,16,48.3,0.8,0.1,-3.4,0
1151,Mason Holgate,eng ENG,"FW,DF",Everton,eng Premier League,28,6,0,0,0,0,0,0,0,0,0,0,0,0,0,0,0
1152,Benedict Hollerbach,de GER,"FW,MF",Union Berlin,de Bundesliga,23,2108,8,1,9,0,2,0,6.1,1.4,7.5,85,30.6,0.81,0.13,1.9,2
1156,Franck Honorat,fr FRA,FW,Gladbach,de Bundesliga,28,1182,2,5,7,0,0,0,3.5,4.3,7.7,48,21.7,0.38,0.09,-1.5,0
1157,Mathias Honsak,at AUT,"FW,DF",Heidenheim,de Bundesliga,28,1070,4,1,5,0,1,0,3.2,1.5,4.8,33,34.6,0.76,0.15,0.8,0
1161,Ilyes Housni,fr FRA,"FW,MF",Le Havre,fr Ligue 1,19,229,0,0,0,0,0,0,0.2,0.2,0.4,8,0,0,0,-0.2,0
1164,Callum Hudson-Odoi,eng ENG,FW,Nott'ham Forest,eng Premier League,24,2074,5,2,7,0,2,0,2.5,2.7,5.2,123,45.9,0.74,0.14,2.5,1
1173,Rasmus Højlund,dk DEN,FW,Manchester Utd,eng Premier League,22,1585,3,0,3,0,2,0,3.3,1.2,4.5,25,39.1,0.51,0.13,-0.3,1
1175,Hafiz Ibrahim,ng NGA,FW,Reims,fr Ligue 1,19,268,0,1,1,0,2,1,0.3,0.5,0.7,5,0,0,0,-0.3,0
1177,Arijon Ibrahimović,de GER,FW,Bayern Munich,de Bundesliga,19,1,0,0,0,0,0,0,0,0,0,0,0,0,0,0,0
1178,Stanis Idumbo,be BEL,"FW,MF",Sevilla,es La Liga,19,284,1,1,2,0,0,0,0.6,0.7,1.3,10,50,0.63,0.25,0.4,0
1181,Borja Iglesias,es ESP,FW,Celta Vigo,es La Liga,32,1588,5,2,7,0,2,0,5.8,1.8,7.6,13,53.1,0.96,0.16,-0.8,2
1183,Kelechi Iheanacho,ng NGA,FW,Sevilla,es La Liga,28,400,0,0,0,0,0,0,1.5,0.3,1.8,6,22.2,0.45,0,-1.5,0
1184,Jonathan Ikone,fr FRA,FW,Como,it Serie A,26,274,2,0,2,0,0,0,1.1,0,1.1,15,40,1.31,0.2,0.9,0
1185,Jonathan Ikone,fr FRA,"FW,MF",Fiorentina,it Serie A,26,334,0,0,0,0,0,0,0.8,0.1,0.9,12,55.6,1.35,0,-0.8,0
1186,George Ilenikhena,fr FRA,"FW,MF",Monaco,fr Ligue 1,18,643,3,2,5,0,0,0,4.8,1.4,6.2,8,36.8,0.98,0.16,-1.8,0
1187,Andrej Ilic,rs SRB,FW,Union Berlin,de Bundesliga,25,620,3,0,3,1,1,0,2.7,0.2,2.1,3,35.3,0.87,0.12,0.3,0
1190,Samuel Iling-Junior,eng ENG,"FW,MF",Bologna,it Serie A,21,118,1,0,1,0,0,0,0.1,0.1,0.3,5,25,0.76,0.25,0.9,0
1191,Danny Ings,eng ENG,"FW,MF",West Ham,eng Premier League,32,284,1,2,3,0,0,0,2.3,1.3,3.5,6,35.7,1.58,0.07,-1.3,1
1196,Alexander Isak,se SWE,FW,Newcastle Utd,eng Premier League,25,2265,20,6,26,2,1,0,16.6,4,19,74,44,1.31,0.24,3.4,1
1197,Gustav Isaksen,dk DEN,FW,Lazio,it Serie A,23,1946,4,2,6,0,5,0,3.6,1.9,5.6,83,42.9,0.97,0.08,0.4,1
1204,Junya Ito,jp JPN,"FW,MF",Reims,fr Ligue 1,32,2454,4,3,7,0,1,0,4.6,6.8,11.4,96,37.9,0.4,0.14,-0.6,0
1206,Alex Iwobi,ng NGA,"FW,MF",Fulham,eng Premier League,28,2463,8,5,13,0,1,0,4.1,6.2,10.2,119,43.9,0.91,0.14,3.9,0
1209,Nicolas Jackson,sn SEN,FW,Chelsea,eng Premier League,23,1948,9,5,14,0,7,0,12.1,4.1,16.2,43,43.1,1.43,0.13,-3.1,0
1222,Ali Jasim,iq IRQ,"FW,DF",Como,it Serie A,21,10,0,0,0,0,0,0,0,0,0,1,0,0,0,0,0
1226,Daniel Jebbison,eng ENG,FW,Bournemouth,eng Premier League,21,75,0,0,0,0,1,0,0.2,0.2,0.4,2,50,1.2,0,-0.2,0
1232,Gabriel Jesus,br BRA,FW,Arsenal,eng Premier League,28,608,3,0,3,0,4,0,3,0.7,3.7,15,35,1.04,0.15,0,0
1235,Raúl Jiménez,mx MEX,FW,Fulham,eng Premier League,33,1927,10,3,13,3,3,0,10.4,2.8,10.9,30,34.2,1.21,0.09,-0.4,1
1237,João Pedro,br BRA,"FW,MF",Brighton,eng Premier League,23,1888,10,6,16,5,4,0,8.9,4.8,9.8,64,36.6,0.72,0.12,1.1,3
1245,Brennan Johnson,wls WAL,FW,Tottenham,eng Premier League,23,1969,11,3,14,0,5,0,9.8,2.3,12.1,56,37.7,0.91,0.21,1.2,2
1254,Jota,pt POR,"FW,MF",Rennes,fr Ligue 1,26,334,1,0,1,0,0,0,1.3,0.3,1.6,13,50,0.54,0.25,-0.3,0
1255,Diogo Jota,pt POR,FW,Liverpool,eng Premier League,28,1043,6,3,9,0,2,0,6.8,1.8,8.6,35,31.7,1.12,0.15,-0.8,1
1257,Luka Jović,rs SRB,"FW,MF",Milan,it Serie A,27,279,2,0,2,0,1,0,1.9,0.7,2.6,5,37.5,0.97,0.25,0.1,0
1258,Juanmi,es ESP,"FW,MF",Getafe,es La Liga,31,637,0,0,0,0,2,0,2.1,0.3,2.5,5,45.5,0.71,0,-2.1,0
1259,Juanmi,es ESP,"FW,MF",Betis,es La Liga,31,244,0,0,0,0,2,0,0.7,0.4,1,4,16.7,0.37,0,-0.7,0
1265,Vinicius Júnior,br BRA,FW,Real Madrid,es La Liga,24,1878,11,5,16,2,8,1,9.6,5.6,13.1,140,30.9,1.01,0.13,1.4,2
1272,Yusuf Kabadayı,de GER,"FW,MF",Augsburg,de Bundesliga,21,71,1,0,1,0,0,0,0.6,0,0.7,2,25,1.27,0.25,0.4,0
1280,Arnaud Kalimuendo,fr FRA,"FW,MF",Rennes,fr Ligue 1,23,2234,14,3,17,5,2,0,12.4,1.9,9.1,40,37.9,0.89,0.16,1.6,1
1282,Justin-Noël Kalumba,fr FRA,"FW,MF",Angers,fr Ligue 1,20,31,0,0,0,0,0,0,0,0,0,1,0,0,0,0,0
1292,Harry Kane,eng ENG,FW,Bayern Munich,de Bundesliga,31,2113,23,8,31,9,4,0,18.3,4.3,15.5,25,43.5,1.7,0.15,4.7,2
1293,Lee Kang-in,kr KOR,"FW,MF",Paris S-G,fr Ligue 1,24,1394,6,5,11,0,1,0,3.1,4.8,7.9,46,37.8,0.9,0.16,2.9,0
1296,Jesper Karlsson,se SWE,FW,Bologna,it Serie A,26,298,1,0,1,0,1,0,0.7,0.1,0.8,6,33.3,0.6,0.17,0.3,0
1297,Jesper Karlsson,se SWE,FW,Lecce,it Serie A,26,323,0,0,0,0,2,0,0.6,0.4,1.1,9,50,1.11,0,-0.6,0
1301,Mikkel Kaufmann,dk DEN,FW,Heidenheim,de Bundesliga,24,372,0,0,0,0,2,0,0.5,0.1,0.6,4,100,0.73,0,-0.5,1
1304,Moise Kean,it ITA,FW,Fiorentina,it Serie A,25,2434,17,3,20,1,5,0,16,1.8,16.2,35,43.2,1.41,0.18,1,0
1308,Abdoulaye Keita,es ESP,"FW,MF",Getafe,es La Liga,22,95,0,0,0,0,0,0,0,0,0,1,0,0,0,0,0
1323,Wahbi Khazri,tn TUN,"FW,MF",Montpellier,fr Ligue 1,34,1018,1,1,2,0,4,0,2.2,2.2,4.3,23,18.2,0.53,0.03,-1.2,0
1328,Kiké,es ESP,FW,Alavés,es La Liga,35,2044,11,0,11,2,5,1,7.5,0.9,6.8,17,43.5,0.88,0.2,3.5,1
1333,Joshua King,no NOR,"FW,MF",Toulouse,fr Ligue 1,33,1328,5,2,7,0,2,0,5.2,1.7,6.9,26,41.7,1.02,0.14,-0.2,1
1337,Tim Kleindienst,de GER,FW,Gladbach,de Bundesliga,29,2377,15,5,20,1,5,1,13.1,5.2,16.6,40,48.5,1.25,0.21,1.9,1
1349,Koka,eg EGY,FW,Le Havre,fr Ligue 1,32,653,2,0,2,1,1,0,4.4,0.6,4.2,0,37.5,0.83,0.06,-2.4,0
1352,Randal Kolo Muani,fr FRA,FW,Juventus,it Serie A,26,672,5,1,6,1,0,0,2.6,0.6,2.4,9,53.8,0.94,0.31,2.4,0
1353,Randal Kolo Muani,fr FRA,FW,Paris S-G,fr Ligue 1,26,358,2,1,3,1,0,0,4.7,0.9,4.7,8,40,1.51,0.07,-2.7,1
1357,Ismael Konate,ci CIV,"FW,MF",Empoli,it Serie A,19,59,0,0,0,0,0,0,0.1,0,0.1,4,50,1.53,0,-0.1,0
1367,Christian Kouamé,ci CIV,"FW,MF",Fiorentina,it Serie A,27,622,0,1,1,0,1,0,1.1,1.5,2.5,7,9.1,0.14,0,-1.1,0
1368,Christian Kouamé,ci CIV,"FW,MF",Empoli,it Serie A,27,507,1,0,1,0,0,0,2.7,0.7,3.3,5,31.3,0.89,0.06,-1.7,0
1378,Goduine Koyalipou,cf CTA,FW,Lens,fr Ligue 1,25,496,2,0,2,0,0,0,2.7,0.6,3.3,11,40,1.81,0.08,-0.7,0
1389,Nikola Krstović,me MNE,FW,Lecce,it Serie A,25,2642,10,3,13,2,4,0,11,2.7,11.3,37,27.4,1.16,0.06,-1,0
1392,Mohammed Kudus,gh GHA,"FW,MF",West Ham,eng Premier League,24,2167,3,2,5,0,1,1,6,2.2,8.3,83,30.2,0.79,0.05,-3,0
1397,Khvicha Kvaratskhelia,ge GEO,"FW,MF",Napoli,it Serie A,24,1178,5,3,8,1,1,0,4.1,3.7,7,74,32.7,1.22,0.08,0.9,0
1398,Khvicha Kvaratskhelia,ge GEO,FW,Paris S-G,fr Ligue 1,24,648,2,3,5,0,0,0,2.3,4,6.3,30,37.5,1.25,0.08,-0.3,0
1402,Rémy Labeau Lascary,gp GLP,"FW,MF",Lens,fr Ligue 1,22,637,2,1,3,0,5,0,2.5,1.1,3.6,17,35.7,0.71,0.14,-0.5,0
1403,Gaëtan Laborde,fr FRA,FW,Nice,fr Ligue 1,30,1451,9,4,13,4,1,0,9.9,2.8,9.5,28,30,1.12,0.08,-0.9,1
1405,Alexandre Lacazette,fr FRA,FW,Lyon,fr Ligue 1,33,1718,12,2,14,4,4,0,13.2,3.1,12.6,18,60,1.41,0.18,-1.2,0
1414,Mathis Lambourde,fr FRA,"FW,MF",Hellas Verona,it Serie A,19,57,1,0,1,0,1,0,0.1,0.1,0.2,1,100,1.58,1,0.9,0
1415,Mohamed Lamine Bayo,gn GUI,FW,Lille,fr Ligue 1,26,309,2,1,3,0,1,0,2.2,0.5,2.7,4,40,1.17,0.2,-0.2,0
1417,Will Lankshear,eng ENG,"FW,MF",Tottenham,eng Premier League,19,11,0,0,0,0,0,0,0,0,0,0,0,0,0,0,0
1418,Gianluca Lapadula,pe PER,"FW,MF",Cagliari,it Serie A,35,310,0,0,0,0,1,0,1.4,0.1,1.4,7,20,0.87,0,-1.4,0
1419,Cyle Larin,ca CAN,FW,Mallorca,es La Liga,29,1376,6,2,8,1,4,0,6.2,1.3,6.7,13,38.7,0.78,0.16,-0.2,1
1422,Juanmi Latasa,es ESP,FW,Valladolid,es La Liga,24,880,3,0,3,0,6,1,2.9,0.4,3.3,2,22.2,0.61,0.11,0.1,0
1429,Jérémy Le Douaron,fr FRA,FW,Brest,fr Ligue 1,26,102,0,0,0,0,0,0,0.2,0,0.2,1,50,0.88,0,-0.2,0
1433,Rafael Leão,pt POR,FW,Milan,it Serie A,25,2084,7,8,15,0,4,0,6.6,7.8,14.3,115,42.4,1.08,0.12,0.4,1
1450,Esteban Lepaul,fr FRA,FW,Angers,fr Ligue 1,24,1186,7,0,7,0,1,0,4,0.8,4.7,20,44.8,0.99,0.24,3,0
1454,Robert Lewandowski,pl POL,FW,Barcelona,es La Liga,36,2365,25,2,27,3,1,0,24.3,2.3,23.5,24,41.6,1.6,0.22,0.7,0
1465,Jesper Lindstrøm,dk DEN,FW,Everton,eng Premier League,25,1239,0,1,1,0,2,0,2.1,2,4.1,30,35.7,0.73,0,-2.1,0
1469,Dailon Livramento,cv CPV,"FW,MF",Hellas Verona,it Serie A,23,860,1,1,2,0,2,1,1.8,0.9,2.7,23,30.8,0.42,0.08,-0.8,0
1471,Marin Ljubicic,hr CRO,"FW,MF",Union Berlin,de Bundesliga,23,197,1,1,2,0,1,0,0.4,0.6,1,1,100,0.46,1,0.6,0
1472,Javier Llabrés,es ESP,FW,Mallorca,es La Liga,22,57,0,0,0,0,0,0,0,0.1,0.1,3,0,0,0,0,0
1480,Elysée Logbo,fr FRA,FW,Le Havre,fr Ligue 1,20,27,0,0,0,0,0,0,0.2,0,0.2,0,0,0,0,-0.2,0
1483,Ademola Lookman,ng NGA,"FW,MF",Atalanta,it Serie A,27,1856,13,5,18,1,4,0,9.2,5.3,13.7,113,41.8,1.36,0.18,3.8,0
1488,Fer López,0,"FW,MF",Celta Vigo,es La Liga,20,351,1,0,1,0,2,0,0.8,1.3,2.1,16,18.2,0.51,0.09,0.2,0
1494,Iker Losada,es ESP,"FW,MF",Celta Vigo,es La Liga,23,280,1,0,1,0,2,0,0.7,0.3,1,8,50,0.32,0.5,0.3,0
1501,Lorenzo Lucca,it ITA,FW,Udinese,it Serie A,24,2231,10,1,11,1,9,0,7.2,1.6,8,15,38.6,0.89,0.16,2.8,0
1507,Romelu Lukaku,be BEL,FW,Napoli,it Serie A,31,2269,11,8,19,3,2,0,10.6,3.1,10.5,23,37.2,0.63,0.19,0.4,0
1509,Dodi Lukebakio,be BEL,FW,Sevilla,es La Liga,27,2611,11,2,13,1,2,0,8.1,3.5,10.8,117,44.2,1.17,0.13,2.9,0
1511,Milos Lukovic,rs SRB,"FW,MF",Strasbourg,fr Ligue 1,19,12,0,0,0,0,0,0,0,0,0,0,0,0,0,0,0
1517,Zito Luvumbo,ao ANG,"FW,MF",Cagliari,it Serie A,23,1222,2,1,3,0,2,0,1.4,1.6,3,56,16.7,0.22,0.11,0.6,0
1521,Othmane Maamma,ma MAR,"FW,MF",Montpellier,fr Ligue 1,19,270,1,1,2,0,1,0,0.7,0.2,0.9,7,42.9,1,0.14,0.3,0
1525,Shuto Machino,jp JPN,"FW,MF",Holstein Kiel,de Bundesliga,25,1589,7,1,8,1,1,0,4.5,1.8,5.5,22,38.5,0.85,0.15,2.5,0
1526,Darwin Machís,ve VEN,"FW,MF",Valladolid,es La Liga,32,474,0,1,1,0,0,0,0.8,0.5,1.3,10,10,0.19,0,-0.8,0
1530,Noni Madueke,eng ENG,FW,Chelsea,eng Premier League,23,1601,7,3,10,0,3,0,7.9,3.9,11.8,122,37.7,1.46,0.1,-0.9,0
1537,Frank Magri,cm CMR,FW,Toulouse,fr Ligue 1,25,1119,5,0,5,0,5,1,4.9,0.4,5.3,14,37.1,1.05,0.14,0.1,0
1547,Hamidou Makalou,ml MLI,FW,Brest,fr Ligue 1,18,14,0,0,0,0,0,0,0,0,0,0,0,0,0,0,0
1555,Daniel Maldini,it ITA,"FW,MF",Atalanta,it Serie A,23,111,0,0,0,0,0,0,0.1,0,0.1,5,33.3,0.81,0,-0.1,0
1557,Donyell Malen,nl NED,FW,Aston Villa,eng Premier League,26,259,3,0,3,0,0,0,1.6,0.1,1.6,7,70,2.43,0.3,1.4,0
1558,Donyell Malen,nl NED,"FW,MF",Dortmund,de Bundesliga,26,614,3,0,3,0,1,0,2.9,0.2,3.2,23,31.6,0.88,0.16,0.1,0
1562,Aaron Malouda,fr FRA,FW,Lille,fr Ligue 1,19,2,0,0,0,0,0,0,0,0,0,0,0,0,0,0,0
1564,Dennis Man,ro ROU,"FW,MF",Parma,it Serie A,26,1954,4,4,8,0,0,0,4.3,4.2,8.5,66,39.5,0.78,0.09,-0.3,0
1578,Sekou Mara,fr FRA,"FW,MF",Strasbourg,fr Ligue 1,22,645,1,1,2,0,2,0,1.1,1,2,6,20,0.42,0.07,-0.1,0
1585,Alberto Marí,es ESP,FW,Valencia,es La Liga,23,7,0,0,0,0,0,0,0,0,0,0,0,0,0,0,0
1590,Mirko Marić,hr CRO,"FW,MF",Monza,it Serie A,29,106,0,0,0,0,0,0,0.2,0,0.2,1,0,0,0,-0.2,0
1591,Mirko Marić,hr CRO,FW,Venezia,it Serie A,29,313,0,0,0,0,0,0,0.6,0,0.6,3,0,0,0,-0.6,0
1598,Omar Marmoush,eg EGY,"FW,MF",Manchester City,eng Premier League,26,736,6,0,6,0,0,0,3.8,1.5,5.3,18,50,1.83,0.2,2.2,1
1599,Omar Marmoush,eg EGY,FW,Eint Frankfurt,de Bundesliga,26,1448,15,9,24,2,2,0,8.8,6.2,13.5,73,45.3,2.11,0.17,6.2,1
1605,Carlos Martín,es ESP,"FW,MF",Alavés,es La Liga,22,1240,2,2,4,0,3,0,2.3,2.7,5,13,46.2,0.87,0.08,-0.3,0
1611,Gabriel Martinelli,br BRA,"FW,MF",Arsenal,eng Premier League,23,1794,6,4,10,0,1,0,5.1,4.3,9.5,102,44.7,0.85,0.16,0.9,0
1617,Lautaro Martínez,ar ARG,FW,Inter,it Serie A,27,2387,12,3,15,0,0,0,13.1,4,17.1,32,34.4,1.24,0.13,-1.1,0
1621,Toni Martínez,es ESP,"FW,MF",Alavés,es La Liga,27,899,4,0,4,0,1,0,3,0.6,3.6,13,34.1,1.5,0.09,1,0
1623,Javi Martón,es ESP,"FW,MF",Athletic Club,es La Liga,25,53,0,0,0,0,1,0,0,0,0,0,0,0,0,0,0
1629,Giorgos Masouras,gr GRE,"FW,MF",Bochum,de Bundesliga,31,689,2,1,3,0,0,0,3.6,0.9,4.5,19,54.2,1.7,0.08,-1.6,0
1633,Jaime Mata,es ESP,FW,Las Palmas,es La Liga,36,482,0,0,0,0,7,0,2,0.1,2.1,6,27.3,0.56,0,-2,0
1634,Igor Matanovic,hr CRO,FW,Eint Frankfurt,de Bundesliga,22,312,1,0,1,0,0,0,1.1,0,1.2,2,33.3,1.15,0.08,-0.1,0
1637,Jean-Philippe Mateta,fr FRA,FW,Crystal Palace,eng Premier League,27,2302,13,2,15,2,2,0,11.6,3,13,34,41.1,0.9,0.2,1.4,0
1641,Jean Mattéo Bahoya,fr FRA,"FW,MF",Eint Frankfurt,de Bundesliga,19,684,2,2,4,0,3,0,1.5,1.1,2.6,17,33.3,0.39,0.22,0.5,0
1644,Neal Maupay,fr FRA,FW,Marseille,fr Ligue 1,28,1034,4,4,8,0,3,1,4.1,2.2,6.3,11,52.6,0.87,0.21,-0.1,0
1645,Maurides,br BRA,FW,St. Pauli,de Bundesliga,31,2,0,0,0,0,0,0,0,0,0,0,0,0,0,0,0
1646,Stephy Mavididi,eng ENG,FW,Leicester City,eng Premier League,26,1531,4,1,5,0,2,0,1.8,2.5,4.3,87,26.9,0.41,0.15,2.2,0
1649,Keke Maximilian Topp,de GER,"FW,MF",Werder Bremen,de Bundesliga,21,242,1,2,3,0,1,0,0.8,2,2.8,9,60,1.12,0.2,0.2,0
1650,Borja Mayoral,es ESP,FW,Getafe,es La Liga,28,659,4,1,5,1,0,0,2.9,0.4,2.5,2,50,0.82,0.25,1.1,0
1655,Samuel Mbangula,be BEL,FW,Juventus,it Serie A,21,704,3,3,6,0,1,0,0.5,1.4,1.8,25,62.5,0.64,0.38,2.5,1
1657,Kylian Mbappé,fr FRA,FW,Real Madrid,es La Liga,26,2457,22,3,25,6,3,1,19.9,6.5,20.9,122,51.2,2.27,0.13,2.1,2
1658,Ibrahim Mbaye,fr FRA,"FW,MF",Paris S-G,fr Ligue 1,17,100,1,0,1,0,0,0,0.9,0,0.9,4,100,2.7,0.33,0.1,0
1659,Bryan Mbeumo,cm CMR,FW,Brentford,eng Premier League,25,2874,16,5,21,5,2,0,10,7.1,13.1,107,45.2,0.88,0.18,6,0
1661,Kasey McAteer,ie IRL,"FW,MF",Leicester City,eng Premier League,23,484,0,1,1,0,1,0,0.6,0.5,1.1,13,37.5,0.56,0,-0.6,0
1662,Oliver McBurnie,sct SCO,FW,Las Palmas,es La Liga,28,1346,2,6,8,0,0,0,3.9,2.6,6.5,6,32,0.53,0.08,-1.9,0
1675,Henrik Meister,dk DEN,FW,Rennes,fr Ligue 1,21,63,1,0,1,0,0,0,0.1,0.3,0.3,2,50,1.43,0.5,0.9,0
1678,Mohamed Meité,fr FRA,FW,Rennes,fr Ligue 1,17,394,0,0,0,0,0,0,1.1,0.6,1.6,6,10,0.23,0,-1.1,0
1679,Mateo Mejía,es ESP,FW,Sevilla,es La Liga,22,11,0,0,0,0,0,0,0,0,0,0,0,0,0,0,0
1680,Farid El Melali,dz ALG,FW,Angers,fr Ligue 1,27,1754,2,3,5,0,1,0,3.5,3,6.5,57,31.8,0.72,0.05,-1.5,3
1700,Lucas Michal,fr FRA,"FW,MF",Monaco,fr Ligue 1,19,100,0,0,0,0,0,0,0.2,0.9,1.1,3,33.3,0.9,0,-0.2,0
1702,Miguel,es ESP,FW,Leganés,es La Liga,25,1660,1,3,4,1,3,0,4.9,1.4,4.7,14,45.2,0.76,0,-3.9,0
1703,Valentin Mihaila,ro ROU,"FW,MF",Parma,it Serie A,25,1288,0,3,3,0,2,0,2.4,1.2,3.6,25,35.5,0.77,0,-2.4,0
1704,Georges Mikautadze,ge GEO,FW,Lyon,fr Ligue 1,24,1227,9,5,14,3,1,0,8.8,4,9.6,31,45.2,1.39,0.14,0.2,2
1705,Igor Miladinović,rs SRB,"FW,MF",Saint-Étienne,fr Ligue 1,21,26,0,0,0,0,0,0,0,0,0,0,0,0,0,0,0
1721,Yankuba Minteh,gm GAM,"FW,MF",Brighton,eng Premier League,20,1406,5,4,9,0,6,0,3.5,4.7,8.3,61,48.1,0.83,0.19,1.5,0
1722,Bojan Miovski,mk MKD,FW,Girona,es La Liga,25,847,2,1,3,0,0,0,2.7,0.2,2.9,4,28.6,0.43,0.14,-0.7,1
1723,Rafa Mir,es ESP,"FW,MF",Valencia,es La Liga,27,452,0,2,2,0,2,0,2,0.7,2.7,4,12.5,0.4,0,-2,0
1727,Kaoru Mitoma,jp JPN,"FW,MF",Brighton,eng Premier League,27,2467,7,3,10,0,1,0,7.5,4.4,11.9,135,46,0.84,0.14,-0.5,0
1729,Koji Miyoshi,jp JPN,"FW,MF",Bochum,de Bundesliga,28,450,1,0,1,0,0,1,1.1,0.8,1.9,11,41.7,1,0.08,-0.1,0
1734,Max Moerstedt,de GER,FW,Hoffenheim,de Bundesliga,19,451,0,0,0,0,2,0,0.8,0.6,1.3,6,33.3,0.8,0,-0.8,0
1735,Terem Moffi,ng NGA,FW,Nice,fr Ligue 1,25,43,0,0,0,0,0,0,0.4,0,0.4,0,33.3,2.09,0,-0.4,0
1736,Mostafa Mohamed,eg EGY,FW,Nantes,fr Ligue 1,27,998,4,0,4,0,2,0,4.2,0.2,4.4,9,38.9,1.26,0.11,-0.2,1
1739,Alberto Moleiro,es ESP,"FW,MF",Las Palmas,es La Liga,21,2201,6,1,7,0,5,0,5.2,2.8,8,74,39.7,0.94,0.1,0.8,0
1743,Jeremy Monga,0,FW,Leicester City,eng Premier League,15,17,0,0,0,0,0,0,0,0,0,0,0,0,0,0,0
1746,Mikey Moore,eng ENG,"FW,MF",Tottenham,eng Premier League,17,185,0,1,1,0,0,0,0.2,0.3,0.5,9,0,0,0,-0.2,0
1747,Álvaro Morata,es ESP,"FW,MF",Milan,it Serie A,32,1099,5,0,5,0,5,0,3.9,0.8,4.7,18,37,0.82,0.19,1.1,0
1752,Gerard Moreno,es ESP,FW,Villarreal,es La Liga,33,648,3,1,4,3,0,0,4.2,3,4.9,14,39.1,1.25,0,-1.2,1
1754,Tete Morente,es ESP,"FW,MF",Lecce,it Serie A,28,1765,3,1,4,0,3,0,2.5,1,3.5,44,30,0.46,0.1,0.5,0
1759,Raúl Moro,es ESP,"FW,MF",Valladolid,es La Liga,22,1741,3,2,5,0,2,0,2.3,4.1,6.4,84,34.4,0.57,0.09,0.7,0
1763,Daniel Mosquera,co COL,FW,Hellas Verona,it Serie A,25,1132,5,1,6,0,3,0,5.9,1.3,7.1,15,26.1,0.95,0.11,-0.9,0
1768,Youssoufa Moukoko,de GER,"FW,MF",Nice,fr Ligue 1,20,204,2,1,3,0,0,0,2.2,0.8,3,2,33.3,0.88,0.33,-0.2,0
1769,Steve Mounié,bj BEN,"FW,MF",Augsburg,de Bundesliga,30,299,0,0,0,0,2,0,1.9,0,2,8,23.5,1.2,0,-1.9,0
1773,Divin Mubama,eng ENG,FW,Manchester City,eng Premier League,20,28,0,0,0,0,0,0,0,0,0,0,0,0,0,0,0
1774,Mykhailo Mudryk,ua UKR,FW,Chelsea,eng Premier League,24,151,0,0,0,0,0,0,0.3,1,1.2,7,100,0.6,0,-0.3,0
1784,Rodrigo Muniz,br BRA,FW,Fulham,eng Premier League,23,908,8,1,9,0,1,0,5.5,0.7,6.3,5,47.2,1.69,0.22,2.5,0
1792,Vedat Muriqi,xk KVX,FW,Mallorca,es La Liga,30,1743,7,2,9,2,1,2,9.5,2,9.1,19,33.3,0.83,0.1,-2.5,1
1793,Jacob Murphy,eng ENG,FW,Newcastle Utd,eng Premier League,30,1893,7,10,17,0,3,0,5.5,7.3,12.8,62,36.8,0.67,0.18,1.5,0
1797,Florent Muslija,xk KVX,"FW,MF",Freiburg,de Bundesliga,26,168,0,0,0,0,0,0,0.3,0.3,0.6,5,66.7,1.07,0,-0.3,0
1808,Konan N'dri,ci CIV,"FW,MF",Lecce,it Serie A,24,163,0,0,0,0,0,0,0.4,0.1,0.5,8,0,0,0,-0.4,0
1810,Nathan N'Goumou,cm CMR,FW,Gladbach,de Bundesliga,25,828,2,1,3,0,0,0,1.9,1.3,3.2,30,54.2,1.41,0.08,0.1,1
1811,Djylian N'Guessan,fr FRA,FW,Saint-Étienne,fr Ligue 1,16,128,0,0,0,0,0,0,0.4,0.1,0.5,1,0,0,0,-0.4,0
1816,Keito Nakamura,jp JPN,"FW,MF",Reims,fr Ligue 1,24,2301,11,2,13,0,3,0,7.9,2.2,10.1,76,39.4,1.1,0.15,3.1,0
1817,Sebastian Nanasi,se SWE,"FW,MF",Strasbourg,fr Ligue 1,22,1916,5,4,9,0,0,0,5.8,4,9.7,50,40,0.47,0.2,-0.8,0
1823,Jesús Navas,es ESP,"FW,MF",Sevilla,es La Liga,39,424,1,0,1,0,0,0,0.5,0.5,1,13,66.7,0.42,0.33,0.5,0
1826,Iliman Ndiaye,sn SEN,FW,Everton,eng Premier League,25,2039,7,0,7,2,3,0,5,1.5,5,76,44.8,0.57,0.17,2,0
1827,Junior Ndiaye,fr FRA,FW,Montpellier,fr Ligue 1,20,125,0,0,0,0,0,0,0.3,0,0.3,1,0,0,0,-0.3,0
1833,Dan Ndoye,ch SUI,FW,Bologna,it Serie A,24,1887,8,3,11,2,2,0,6.7,2.5,7.6,123,36.4,0.76,0.14,1.3,1
1839,Reiss Nelson,eng ENG,FW,Arsenal,eng Premier League,25,3,0,0,0,0,0,0,0,0,0,0,0,0,0,0,0
1840,Reiss Nelson,eng ENG,FW,Fulham,eng Premier League,25,487,1,1,2,0,1,0,1.1,1,2.1,45,50,1.11,0.08,-0.1,0
1843,David Neres,br BRA,FW,Napoli,it Serie A,28,1138,2,4,6,0,1,0,1.9,2.8,4.7,65,19.2,0.4,0.08,0.1,0
1845,Pedro Neto,pt POR,FW,Chelsea,eng Premier League,25,1743,3,4,7,0,8,0,2.5,5.4,7.8,101,29.2,0.72,0.06,0.5,0
1851,Cyril Ngonge,be BEL,"FW,DF",Napoli,it Serie A,24,181,0,0,0,0,1,0,0.7,0.4,1,4,50,2.98,0,-0.7,0
1853,Steve Ngoura,fr FRA,FW,Le Havre,fr Ligue 1,20,289,0,0,0,0,0,0,1.3,0.4,1.7,3,20,0.62,0,-1.3,0
1854,Bernard Nguene,cm CMR,FW,Nice,fr Ligue 1,18,13,0,0,0,0,0,0,0,0,0,0,0,0,0,0,0
1857,Ibrahima Niane,sn SEN,FW,Angers,fr Ligue 1,26,908,3,1,4,1,0,0,5.7,1,6,19,34.5,0.99,0.07,-2.7,1
1865,Eybi Nije,se SWE,"FW,MF",Torino,it Serie A,19,394,1,0,1,0,1,0,1.5,0.4,1.9,10,55.6,1.14,0.11,-0.5,0
1867,Adrian Niño,es ESP,FW,Atlético Madrid,es La Liga,20,12,0,0,0,0,0,0,0.2,0,0.2,0,0,0,0,-0.2,0
1868,Justin Njinmah,de GER,"FW,MF",Werder Bremen,de Bundesliga,24,837,3,1,4,0,1,0,2.6,0.9,3.5,25,25,0.65,0.13,0.4,1
1869,Eddie Nketiah,eng ENG,"FW,MF",Crystal Palace,eng Premier League,25,750,1,1,2,0,5,1,3.5,1.5,5,32,35.5,1.32,0.03,-2.5,1
1871,Christopher Nkunku,fr FRA,FW,Chelsea,eng Premier League,27,921,3,2,5,0,2,0,4.8,2.1,6.9,17,44,1.07,0.12,-1.8,0
1873,Lukas Nmecha,de GER,"FW,MF",Wolfsburg,de Bundesliga,26,264,2,0,2,0,1,0,3.6,0.2,3.7,4,40,2.05,0.13,-1.6,0
1874,Arnaud Nordin,fr FRA,FW,Montpellier,fr Ligue 1,26,1166,4,1,5,1,2,0,4.1,0.9,3.4,51,42.3,0.85,0.12,-0.1,0
1877,Tijjani Noslin,nl NED,"FW,MF",Lazio,it Serie A,25,825,2,2,4,0,2,0,2,1.4,3.4,12,33.3,0.65,0.11,0,0
1880,Randy Nteka,ao ANG,FW,Rayo Vallecano,es La Liga,27,972,3,0,3,0,6,0,2.6,0.5,3.1,9,50,0.74,0.19,0.4,0
1881,Ernest Nuamah,gh GHA,"FW,MF",Lyon,fr Ligue 1,21,1052,3,1,4,0,2,0,2.2,1.5,3.7,44,46.4,1.11,0.11,0.8,0
1885,Darwin Núñez,uy URU,FW,Liverpool,eng Premier League,25,1010,5,2,7,0,8,0,5,1.2,6.2,20,38.7,1.07,0.16,0,1
1888,Ethan Nwaneri,eng ENG,"FW,MF",Arsenal,eng Premier League,18,778,3,2,5,0,1,0,1,1,2,42,35,0.81,0.15,2,0
1892,M'Bala Nzola,ao ANG,FW,Lens,fr Ligue 1,28,1460,6,1,7,0,3,1,8.6,1.3,9.9,26,38.3,1.11,0.13,-2.6,0
1899,Chidozie Obi-Martin,dk DEN,FW,Manchester Utd,eng Premier League,17,28,0,0,0,0,1,0,0,0,0,1,0,0,0,0,0
1901,Lucas Ocampos,ar ARG,FW,Sevilla,es La Liga,30,175,0,1,1,0,0,0,0.2,0.3,0.5,5,50,1.03,0,-0.2,0
1903,Wilson Odobert,fr FRA,FW,Tottenham,eng Premier League,20,450,0,0,0,0,0,0,0.7,0.1,0.8,30,11.1,0.2,0,-0.7,0
1907,Chiedozie Ogbene,ie IRL,FW,Ipswich Town,eng Premier League,27,238,0,0,0,0,0,0,0,0.1,0.1,7,0,0,0,0,0
1911,Noah Okafor,ch SUI,"FW,MF",Napoli,it Serie A,24,40,0,0,0,0,0,0,0,0.6,0.7,7,0,0,0,0,0
1912,Noah Okafor,ch SUI,FW,Milan,it Serie A,24,414,1,0,1,0,0,0,1.5,0.3,1.9,21,53.8,1.52,0.08,-0.5,0
1921,Michael Olise,fr FRA,FW,Bayern Munich,de Bundesliga,23,1901,8,10,18,0,2,0,7.8,9.5,17.3,98,40.6,1.33,0.12,0.2,2
1935,Jacob Ondrejka,se SWE,"FW,MF",Parma,it Serie A,22,154,1,0,1,0,0,0,0.4,0,0.4,5,50,1.75,0.17,0.6,0
1937,Paul Onuachu,ng NGA,FW,Southampton,eng Premier League,30,916,4,1,5,0,3,0,3.2,0.5,3.7,7,46.7,1.38,0.13,0.8,0
1940,Loïs Openda,be BEL,"FW,MF",RB Leipzig,de Bundesliga,25,2152,9,5,14,0,5,1,8.8,3,11,52,43.1,1.3,0.13,0.2,3
1943,Victor Orakpo,ng NGA,FW,Nice,fr Ligue 1,18,36,0,0,0,0,0,0,0.3,0,0.3,2,0,0,0,-0.3,0
1945,Gift Orban,ng NGA,"FW,DF",Lyon,fr Ligue 1,22,186,2,0,2,0,1,0,1.2,0,1.2,1,75,1.45,0.5,0.8,0
1946,Gift Orban,ng NGA,FW,Hoffenheim,de Bundesliga,22,657,4,0,4,0,2,0,3.4,0,3.4,7,36.4,0.55,0.36,0.6,0
1950,Gaetano Oristanio,it ITA,"FW,MF",Venezia,it Serie A,22,2144,2,3,5,0,3,0,3.3,2.5,5.8,64,28.2,0.46,0.05,-1.3,0
1952,Riccardo Orsolini,it ITA,FW,Bologna,it Serie A,28,1495,11,3,14,3,0,0,7.8,3.2,8.7,50,36.8,1.26,0.14,3.2,0
1955,Gabriel Osei Misehouy,nl NED,"FW,MF",Girona,es La Liga,19,257,1,0,1,0,0,0,0.9,0.3,1.2,5,33.3,0.7,0.17,0.1,0
1959,William Osula,dk DEN,FW,Newcastle Utd,eng Premier League,21,90,0,0,0,0,0,0,0,0.1,0.1,1,0,0,0,0,0
1960,Jibril Othman,tn TUN,FW,Saint-Étienne,fr Ligue 1,20,5,0,0,0,0,0,0,0,0,0,0,0,0,0,0,0
1962,Dango Ouattara,bf BFA,FW,Bournemouth,eng Premier League,23,1685,7,4,11,0,1,0,7.7,4.8,12.5,67,30.9,0.91,0.13,-0.7,0
1972,Mikel Oyarzabal,es ESP,"FW,MF",Real Sociedad,es La Liga,27,1739,6,2,8,2,4,1,6.1,2.3,6.9,28,33.3,0.52,0.13,-0.1,1
2002,Álvaro Pascual,es ESP,FW,Sevilla,es La Liga,23,62,0,0,0,0,1,0,0,0,0,1,0,0,0,0,0
2010,Leonardo Pavoletti,it ITA,"FW,MF",Cagliari,it Serie A,36,352,1,0,1,0,4,0,2.2,1,3.2,1,35.3,1.53,0.06,-1.2,0
2012,Nicolas Pays,fr FRA,"FW,MF",Montpellier,fr Ligue 1,21,358,0,0,0,0,0,0,1.3,0.1,1.4,15,10,0.25,0,-1.3,0
2018,Pedro,es ESP,"FW,MF",Lazio,it Serie A,37,880,6,1,7,1,2,0,3.4,1,3.7,30,36.4,0.82,0.23,2.6,0
2021,Jordan Pefok,us USA,FW,Reims,fr Ligue 1,28,54,0,0,0,0,0,0,0.3,0,0.3,0,0,0,0,-0.3,0
2022,Jordan Pefok,us USA,FW,Union Berlin,de Bundesliga,28,908,0,1,1,0,2,0,3.2,0.9,4.1,3,30.4,0.69,0,-3.2,0
2023,Pejiño,es ESP,FW,Las Palmas,es La Liga,28,16,0,0,0,0,0,0,0,0,0,1,0,0,0,0,0
2024,Pietro Pellegri,it ITA,FW,Empoli,it Serie A,24,414,3,0,3,0,2,0,0.3,0.6,0.9,12,50,0.87,0.38,2.7,0
2027,Mateo Pellegrino,ar ARG,FW,Parma,it Serie A,24,293,2,1,3,0,2,0,1.3,0.2,1.5,2,45.5,1.54,0.18,0.7,0
2032,Faris Pemi Moumbagna,cm CMR,FW,Marseille,fr Ligue 1,24,8,0,0,0,0,0,0,0,0,0,0,0,0,0,0,0
2034,Rubén Peña,es ESP,"FW,DF",Osasuna,es La Liga,33,662,0,0,0,0,1,0,0.7,0.5,1.2,15,30,0.41,0,-0.7,0
2035,Nicolas Pépé,ci CIV,"FW,MF",Villarreal,es La Liga,29,925,1,2,3,0,1,0,2.5,2,4.5,40,46.7,1.36,0.03,-1.5,1
2036,Peque,es ESP,"FW,MF",Sevilla,es La Liga,22,878,0,1,1,0,1,0,1.4,1.2,2.6,9,20,0.21,0,-1.4,0
2039,Mathias Pereira Lage,pt POR,"FW,MF",Brest,fr Ligue 1,28,1167,2,6,8,0,3,0,2.3,2.7,5,18,45.8,0.85,0.08,-0.3,0
2044,Ayoze Pérez,es ESP,FW,Villarreal,es La Liga,31,1480,13,2,15,0,3,0,9.9,2.4,12.3,49,36.7,1.34,0.22,3.1,0
2046,Francisco Perez,es ESP,"FW,MF",Valencia,es La Liga,22,410,0,0,0,0,1,0,0.1,2.1,2.2,16,25,0.22,0,-0.1,0
2057,Noah Pesch,hr CRO,FW,Gladbach,de Bundesliga,19,6,0,0,0,0,0,0,0,0,0,0,0,0,0,0,0
2059,Andrea Petagna,it ITA,FW,Monza,it Serie A,29,268,0,0,0,0,1,0,0.2,0,0.2,2,0,0,0,-0.2,0
2067,Jaden Philogene Bidace,eng ENG,"FW,MF",Aston Villa,eng Premier League,23,332,0,0,0,0,4,1,0.5,0.3,0.8,7,0,0,0,-0.5,0
2068,Jaden Philogene Bidace,eng ENG,"FW,DF",Ipswich Town,eng Premier League,23,474,2,0,2,0,1,0,2,0.2,2.2,13,41.7,0.95,0.17,0,0
2070,Roberto Piccoli,it ITA,FW,Cagliari,it Serie A,24,2677,8,1,9,1,4,0,10.6,0.9,10.7,23,29.5,0.77,0.09,-2.6,2
2071,Benedikt Pichler,at AUT,FW,Holstein Kiel,de Bundesliga,27,773,1,2,3,0,1,0,2.2,1.1,3.3,17,44.4,0.93,0.06,-1.2,0
2074,Marvin Pieringer,de GER,"FW,MF",Heidenheim,de Bundesliga,25,1809,7,2,9,3,7,0,8.3,3.2,9.1,14,31.4,0.8,0.08,-1.3,2
2076,Santiago Pierotti,ar ARG,FW,Lecce,it Serie A,24,1601,4,2,6,0,4,0,2.7,1.8,4.5,39,23.3,0.39,0.13,1.3,0
2078,Andrea Pinamonti,it ITA,FW,Genoa,it Serie A,25,2503,8,1,9,0,3,0,7.1,1.6,7.9,17,34.3,0.86,0.11,0.9,0
2082,Damián Pizarro,cl CHI,FW,Udinese,it Serie A,20,8,0,0,0,0,0,0,0,0,0,0,0,0,0,0,0
2087,Joel Pohjanpalo,fi FIN,FW,Venezia,it Serie A,30,1603,6,0,6,3,1,0,7.5,1.7,6,9,38.2,0.73,0.09,-1.5,1
2088,Matteo Politano,it ITA,"FW,MF",Napoli,it Serie A,31,2236,3,2,5,0,2,0,2.6,3.7,6.3,100,20.5,0.36,0.07,0.4,1
2094,Portu,es ESP,"FW,MF",Girona,es La Liga,32,356,0,1,1,0,4,0,0,1.1,1.1,9,0,0,0,0,0
2098,Yussuf Poulsen,dk DEN,"FW,MF",RB Leipzig,de Bundesliga,30,313,1,0,1,0,1,0,2.2,0.5,2.7,2,40,1.15,0.1,-1.2,0
2102,Abdón Prats,es ESP,"FW,MF",Mallorca,es La Liga,32,388,2,0,2,1,4,0,2.1,0,1.3,0,33.3,0.93,0.08,-0.1,1
2106,Ivan Prtajin,hr CRO,FW,Union Berlin,de Bundesliga,28,161,0,0,0,0,0,0,0.5,0.1,0.7,1,25,1.12,0,-0.5,0
2107,Javi Puado,es ESP,"FW,MF",Espanyol,es La Liga,26,2392,10,3,13,4,6,0,8.9,2.1,7.9,55,26.5,0.49,0.12,1.1,1
2109,Diego Pugno,it ITA,FW,Juventus,it Serie A,18,7,0,0,0,0,0,0,0,0.1,0.1,0,0,0,0,0,0
2110,Christian Pulisic,us USA,"FW,MF",Milan,it Serie A,26,1975,9,8,17,3,1,0,10.1,5.7,12.6,93,40.5,0.77,0.14,-1.1,1
2113,Dani Raba,es ESP,"FW,MF",Leganés,es La Liga,29,1455,7,4,11,4,5,0,6.8,3.5,6.4,34,32,0.49,0.12,0.2,1
2120,Antonio Raimondo,it ITA,"FW,DF",Venezia,it Serie A,21,94,0,0,0,0,0,0,0.3,0.1,0.4,2,100,0.96,0,-0.3,0
2123,Sandro Ramírez,es ESP,"FW,MF",Las Palmas,es La Liga,29,1790,8,3,11,0,6,0,3.1,2.7,5.8,48,44.4,1.01,0.18,4.9,1
2124,Gonçalo Ramos,pt POR,FW,Paris S-G,fr Ligue 1,23,728,6,2,8,1,0,0,8.9,1.6,9.7,6,55.6,2.47,0.14,-2.9,1
2126,Jacob Ramsey,eng ENG,"FW,MF",Aston Villa,eng Premier League,23,1406,1,3,4,0,1,0,1.3,2.1,3.4,53,25,0.26,0.06,-0.3,0
2128,Grant Ranos,am ARM,FW,Gladbach,de Bundesliga,21,20,0,0,0,0,1,0,0,0,0,1,0,0,0,0,0
2130,Raphinha,br BRA,"FW,MF",Barcelona,es La Liga,28,2342,13,8,21,1,3,0,14.6,11,24.8,77,38.6,1.31,0.14,-1.6,2
2131,Marcus Rashford,eng ENG,"FW,MF",Manchester Utd,eng Premier League,27,978,4,1,5,0,2,0,1.7,2.1,3.8,20,56.3,0.83,0.25,2.3,0
2132,Marcus Rashford,eng ENG,FW,Aston Villa,eng Premier League,27,360,1,2,3,0,0,0,1.6,2.1,3.6,19,26.7,1,0.07,-0.6,0
2133,Giacomo Raspadori,it ITA,"FW,MF",Napoli,it Serie A,25,753,4,0,4,0,1,0,3.1,1.6,4.7,9,32.1,1.08,0.14,0.9,0
2135,Raúl,es ESP,"FW,MF",Osasuna,es La Liga,24,675,2,0,2,0,0,0,2.2,0.7,2.9,10,47.4,1.2,0.11,-0.2,0
2140,Abderrahman Rebbach,dz ALG,"FW,MF",Alavés,es La Liga,26,385,0,0,0,0,1,0,0.2,0.3,0.5,16,16.7,0.23,0,-0.2,0
2141,Ante Rebić,hr CRO,"FW,MF",Lecce,it Serie A,31,647,1,0,1,0,3,1,2,1.9,3.8,15,27.3,0.42,0.09,-1,0
2143,Remy Rees-Dottin,eng ENG,FW,Bournemouth,eng Premier League,19,1,0,0,0,0,0,0,0,0,0,0,0,0,0,0,0
2145,Bobby Reid,jm JAM,"FW,MF",Leicester City,eng Premier League,32,640,1,2,3,0,2,0,0.8,1.2,2,12,50,0.42,0.17,0.2,1
2154,Mateo Retegui,it ITA,FW,Atalanta,it Serie A,25,1873,23,5,28,3,3,0,14.8,3.8,15.4,17,36.8,1.35,0.26,8.2,2
2163,Richarlison,br BRA,FW,Tottenham,eng Premier League,27,295,3,1,4,0,1,0,2.1,0.9,3,8,50,1.22,0.38,0.9,0
2166,Luis Rioja,es ESP,FW,Alavés,es La Liga,31,23,0,0,0,0,0,0,0,0.1,0.1,4,0,0,0,0,0
2179,Rodri,es ESP,FW,Betis,es La Liga,24,118,0,0,0,0,0,0,0.2,0.1,0.2,4,100,1.53,0,-0.2,0
2181,Álvaro Rodríguez,uy URU,FW,Getafe,es La Liga,20,633,2,0,2,0,4,0,0.7,0.2,0.9,2,35.3,0.85,0.12,1.3,0
2188,Jesus Rodríguez,es ESP,FW,Betis,es La Liga,19,843,1,0,1,0,0,0,1.9,0.1,2,43,33.3,0.75,0.05,-0.9,1
2191,Rodrygo,br BRA,"FW,MF",Real Madrid,es La Liga,24,1833,6,5,11,0,0,0,3.9,3,6.8,108,36.5,0.93,0.12,2.1,1
2194,Morgan Rogers,eng ENG,"FW,MF",Aston Villa,eng Premier League,22,2597,8,7,15,0,8,0,5.8,6.4,12.2,98,33.3,0.55,0.17,2.2,1
2200,Isaac Romero,es ESP,FW,Sevilla,es La Liga,24,2014,3,2,5,0,8,0,5.4,2.1,6.7,20,31.3,0.67,0.06,-2.4,1
2201,Luka Romero,ar ARG,"FW,MF",Alavés,es La Liga,20,199,0,0,0,0,0,0,0.8,0.2,0.2,3,0,0,0,-0.8,1
2205,Vitor Roque,br BRA,FW,Betis,es La Liga,20,1235,4,0,4,0,4,0,6.1,1.2,7.3,24,43.9,1.31,0.1,-2.1,2
2216,Jon Rowe,eng ENG,"FW,MF",Marseille,fr Ligue 1,21,625,2,2,4,0,2,0,3,3.9,6.9,24,44.8,1.87,0.07,-1,0
2222,Abel Ruiz,es ESP,FW,Girona,es La Liga,25,1226,4,0,4,1,3,0,4.6,0.4,3.4,20,33.3,0.51,0.14,-0.6,0
2231,Elias Saad,tn TUN,"FW,MF",St. Pauli,de Bundesliga,25,870,3,2,5,0,1,0,2.8,0.8,3.6,27,30.8,0.83,0.12,0.2,0
2233,Emmanuel Sabbi,us USA,"FW,MF",Le Havre,fr Ligue 1,27,653,0,0,0,0,1,0,1.9,0.6,2.5,11,26.7,0.55,0,-1.9,0
2237,Umar Sadiq,ng NGA,FW,Valencia,es La Liga,28,628,4,0,4,0,3,0,2.3,0.5,2.9,8,35.3,0.86,0.24,1.7,0
2238,Umar Sadiq,ng NGA,FW,Real Sociedad,es La Liga,28,227,0,0,0,0,1,0,0.2,0.2,0.4,5,0,0,0,-0.2,0
2245,Osame Sahraoui,ma MAR,"FW,MF",Lille,fr Ligue 1,23,1190,3,3,6,0,1,0,2.9,3.2,6.1,64,34.8,0.61,0.13,0.1,0
2246,Wesley Saïd,fr FRA,FW,Lens,fr Ligue 1,29,873,2,0,2,0,3,0,3,0.8,3.8,15,37.5,0.62,0.13,-1,0
2248,Bukayo Saka,eng ENG,"FW,MF",Arsenal,eng Premier League,23,1366,6,10,16,1,3,0,5.2,6,10.5,75,36,1.19,0.1,0.8,1
2252,Ibrahim Salah,ma MAR,FW,Brest,fr Ligue 1,23,358,1,1,2,0,0,0,0.6,0.6,1.1,15,30.8,1.01,0.08,0.4,0
2253,Mohamed Salah,eg EGY,FW,Liverpool,eng Premier League,32,2831,27,18,45,9,1,0,22.6,12.1,27.6,133,45,1.43,0.18,4.4,0
2255,Amine Salama,fr FRA,FW,Reims,fr Ligue 1,24,373,0,0,0,0,0,0,0.7,0.3,1,12,33.3,0.72,0,-0.7,0
2261,Roland Sallai,hu HUN,"FW,MF",Freiburg,de Bundesliga,27,46,0,0,0,0,0,0,0.1,0.1,0.2,4,33.3,1.96,0,-0.1,0
2265,Mama Samba Baldé,gw GNB,FW,Lyon,fr Ligue 1,29,33,0,0,0,0,0,0,0.1,0,0.1,1,0,0,0,-0.1,0
2266,Mama Samba Baldé,gw GNB,FW,Brest,fr Ligue 1,29,1084,2,3,5,0,3,0,2.8,2.1,4.9,32,28.6,0.66,0.07,-0.8,0
2272,Antonio Sanabria,py PAR,FW,Torino,it Serie A,29,1253,2,1,3,0,2,0,2.8,0.5,2.5,6,23.5,0.29,0.12,-0.8,1
2274,Alexis Sánchez,cl CHI,FW,Udinese,it Serie A,36,350,0,0,0,0,0,0,0.6,0.1,0.6,2,0,0,0,-0.6,0
2281,Jadon Sancho,eng ENG,FW,Chelsea,eng Premier League,25,1610,3,4,7,0,1,0,1.9,3.4,5.3,91,27.3,0.34,0.14,1.1,2
2284,Leroy Sané,de GER,FW,Bayern Munich,de Bundesliga,29,1378,9,4,13,0,2,0,8.8,4.5,13.3,59,38.2,1.37,0.16,0.2,1
2288,Maroan Sannadi,es ESP,FW,Athletic Club,es La Liga,24,369,1,1,2,0,0,0,2.2,0.5,2.7,8,33.3,0.98,0.08,-1.2,1
2300,Amin Sarr,se SWE,FW,Hellas Verona,it Serie A,24,1439,4,1,5,0,0,0,2.4,2,4.4,25,30,0.38,0.2,1.6,0
2304,Martin Satriano,uy URU,"FW,DF",Lens,fr Ligue 1,24,41,0,0,0,0,0,0,0.3,0.1,0.5,2,0,0,0,-0.3,0
2307,Sávio,br BRA,"FW,MF",Manchester City,eng Premier League,21,1657,1,8,9,0,3,0,4.8,6.6,11.4,129,37.7,1.09,0.02,-3.8,2
2312,Gianluca Scamacca,it ITA,FW,Atalanta,it Serie A,26,6,0,0,0,0,0,0,0.1,0,0.1,0,100,15,0,-0.1,0
2314,Dane Scarlett,eng ENG,"FW,MF",Tottenham,eng Premier League,21,34,0,1,1,0,0,0,0,0,0.1,1,100,2.65,0,0,0
2315,Kevin Schade,de GER,FW,Brentford,eng Premier League,23,1845,7,2,9,0,3,0,5.9,3.2,9,54,42.9,0.88,0.17,1.1,0
2318,Patrik Schick,cz CZE,FW,Leverkusen,de Bundesliga,29,1344,17,0,17,0,4,0,10.6,0.6,11.2,5,45.9,1.87,0.28,6.4,0
2319,Stefan Schimmer,de GER,"FW,MF",Heidenheim,de Bundesliga,30,247,0,0,0,0,1,0,1.1,0.3,1.3,0,20,0.73,0,-1.1,0
2330,Léo Scienza,br BRA,"FW,MF",Heidenheim,de Bundesliga,26,1035,3,2,5,0,0,0,1.9,3.2,5,62,41.2,1.22,0.09,1.1,0
2334,Jérémy Sebas,mq MTQ,"FW,MF",Strasbourg,fr Ligue 1,22,190,0,0,0,0,0,0,0.7,0,0.7,6,33.3,0.95,0,-0.7,0
2342,Antoine Semenyo,gh GHA,FW,Bournemouth,eng Premier League,25,2645,7,4,11,0,9,0,8.9,5.2,14.2,124,31.3,1.19,0.06,-1.9,1
2348,Nicolás Serrano,es ESP,FW,Athletic Club,es La Liga,22,112,0,0,0,0,0,0,0.2,0,0.2,2,20,0.8,0,-0.2,0
2349,Benjamin Šeško,si SVN,"FW,MF",RB Leipzig,de Bundesliga,21,2075,11,5,16,1,2,1,8,2,9.2,39,43.3,1.13,0.17,3,0
2350,Ryan Sessegnon,eng ENG,"FW,DF",Fulham,eng Premier League,24,191,3,1,4,0,0,0,0.8,0.6,1.4,6,71.4,2.36,0.43,2.2,0
2354,Eldor Shomurodov,uz UZB,"FW,MF",Roma,it Serie A,29,657,3,2,5,0,1,0,3.4,0.7,4.1,16,45.5,1.37,0.14,-0.4,0
2356,Armindo Sieb,de GER,"FW,MF",Mainz 05,de Bundesliga,22,758,2,2,4,0,2,0,2.8,1.1,3.9,27,25,0.83,0.07,-0.8,0
2359,Zain Silcott-Duberry,ms MSR,FW,Bournemouth,eng Premier League,19,1,0,0,0,0,0,0,0,0,0,0,0,0,0,0,0
2361,André Silva,pt POR,FW,Werder Bremen,de Bundesliga,29,375,1,0,1,1,1,0,2.6,0.4,1.4,6,41.7,1.2,0,-1.6,0
2362,André Silva,pt POR,"FW,MF",RB Leipzig,de Bundesliga,29,132,1,2,3,1,0,0,1.3,0.6,1.1,6,28.6,1.36,0,-0.3,0
2365,Fábio Silva,pt POR,FW,Las Palmas,es La Liga,22,1784,10,3,13,2,7,0,8.8,2,8.4,30,43.5,1.01,0.17,1.2,0
2366,Jota Silva,pt POR,"FW,MF",Nott'ham Forest,eng Premier League,25,828,3,1,4,0,5,0,1.9,2.9,4.8,19,33.3,0.76,0.14,1.1,1
2370,Abdallah Sima,sn SEN,"FW,MF",Brest,fr Ligue 1,23,1056,6,2,8,0,2,0,5.1,1,6.1,36,43.8,1.19,0.19,0.9,0
2372,Giovanni Simeone,ar ARG,FW,Napoli,it Serie A,29,372,1,1,2,0,1,0,2.6,0.7,3.2,9,23.1,0.73,0.08,-1.6,0
2374,Moses Simon,ng NGA,"FW,MF",Nantes,fr Ligue 1,29,2099,7,9,16,3,2,0,4.9,6,8.6,122,35.1,0.56,0.11,2.1,0
2378,Danel Sinani,lu LUX,"FW,MF",St. Pauli,de Bundesliga,28,845,2,1,3,0,2,0,1.4,2,3.3,8,35.7,1.07,0.07,0.6,0
2379,Lassine Sinayoko,ml MLI,"FW,MF",Auxerre,fr Ligue 1,25,1876,3,4,7,1,4,0,5.7,3.6,8.5,44,24.5,0.58,0.04,-2.7,2
2381,Luis Sinisterra,co COL,"FW,MF",Bournemouth,eng Premier League,25,236,1,1,2,0,0,0,1.2,1.4,2.6,19,46.2,2.29,0.08,-0.2,0
2385,Ayanda Sishuba,be BEL,FW,Rennes,fr Ligue 1,20,3,0,0,0,0,0,0,0,0,0,0,0,0,0,0,0
2386,Ibrahim Sissoko,ml MLI,FW,Saint-Étienne,fr Ligue 1,29,809,3,1,4,1,1,0,4.3,0.6,4.1,13,19,0.44,0.1,-1.3,0
2388,Niama Sissoko,ml MLI,"FW,MF",Reims,fr Ligue 1,19,47,0,0,0,0,0,0,0.3,0,0.3,1,0,0,0,-0.3,0
2390,Tim Skarke,de GER,"FW,MF",Union Berlin,de Bundesliga,28,1023,0,2,2,0,1,0,2.1,1.2,3.3,24,45,0.79,0,-2.1,0
2396,Andreas Skov Olsen,dk DEN,"FW,MF",Wolfsburg,de Bundesliga,25,372,1,1,2,0,0,0,0.6,1.5,2.1,14,16.7,0.24,0.17,0.4,0
2399,Steven Skrzybski,de GER,"FW,MF",Holstein Kiel,de Bundesliga,32,960,6,1,7,1,0,0,3.3,1.5,4,14,41.7,0.94,0.21,2.7,0
2400,Naatan Skyttä,fi FIN,FW,Toulouse,fr Ligue 1,22,5,0,0,0,0,0,0,0,0,0,0,0,0,0,0,0
2411,Dominic Solanke,eng ENG,FW,Tottenham,eng Premier League,27,2028,7,3,10,0,0,0,9.9,2.9,12.8,29,39.3,0.98,0.13,-2.9,0
2420,Ramón Sosa,py PAR,"FW,MF",Nott'ham Forest,eng Premier League,25,263,1,0,1,0,1,0,0.9,0.5,1.4,11,50,1.71,0.1,0.1,0
2422,Florian Sotoca,fr FRA,"FW,MF",Lens,fr Ligue 1,34,1708,1,1,2,0,2,0,4.4,1.5,5.9,43,40.9,0.95,0.02,-3.4,0
2423,Riccardo Sottil,it ITA,"FW,MF",Fiorentina,it Serie A,25,833,1,1,2,0,1,0,0.9,0.9,1.7,71,27.3,0.65,0.05,0.1,1
2442,Lucas Stassin,be BEL,FW,Saint-Étienne,fr Ligue 1,20,1630,8,4,12,0,3,0,6.3,2.8,9,22,45.5,0.83,0.24,1.7,1
2444,Orri Steinn Óskarsson,is ISL,FW,Real Sociedad,es La Liga,20,918,3,0,3,0,0,0,5.2,0.2,5.4,6,36.8,0.69,0.16,-2.2,0
2448,Raheem Sterling,eng ENG,"FW,MF",Arsenal,eng Premier League,30,355,0,2,2,0,1,0,1.3,0.4,1.7,21,0,0,0,-1.3,0
2449,Enzo Sternal,fr FRA,"FW,MF",Marseille,fr Ligue 1,17,24,0,0,0,0,1,0,0,0,0,0,0,0,0,0,0
2451,Ross Stewart,sct SCO,"FW,MF",Southampton,eng Premier League,28,170,0,0,0,0,1,0,0.1,0,0.1,1,0,0,0,-0.1,0
2458,Jørgen Strand Larsen,no NOR,FW,Wolves,eng Premier League,25,2314,12,2,14,0,4,0,9.2,2.4,11.5,14,64.6,1.21,0.25,2.8,0
2459,Gabriel Strefezza,br BRA,"FW,MF",Como,it Serie A,27,2239,3,3,6,0,4,0,3.2,3.1,6.3,57,33.3,0.68,0.06,-0.2,0
2460,Cristhian Stuani,uy URU,FW,Girona,es La Liga,38,640,6,2,8,3,3,0,6,0.4,4.2,1,45.5,1.41,0.14,0,0
2468,Kamaldeen Sulemana,gh GHA,"FW,MF",Southampton,eng Premier League,23,972,1,1,2,0,0,0,1.1,0.7,1.8,50,31.6,0.56,0.05,-0.1,0
2469,Crysencio Summerville,nl NED,"FW,MF",West Ham,eng Premier League,23,786,1,1,2,0,2,0,1.6,1.7,3.3,29,28.6,0.46,0.07,-0.6,0
2471,Suso,es ESP,"FW,MF",Sevilla,es La Liga,31,180,0,0,0,0,1,0,0.2,0.4,0.6,7,33.3,1,0,-0.2,0
2478,Williot Swedberg,se SWE,"FW,MF",Celta Vigo,es La Liga,21,1084,3,3,6,0,1,0,4.5,2,6.4,28,53.8,1.16,0.12,-1.5,0
2481,Mamadou Sylla,sn SEN,"FW,MF",Valladolid,es La Liga,31,1269,3,1,4,2,4,0,3.6,1.5,3.5,15,17.6,0.21,0.06,-0.6,1
2483,Sammie Szmodics,ie IRL,"FW,MF",Ipswich Town,eng Premier League,29,979,4,0,4,0,2,0,3.4,0.2,3.6,16,57.1,1.1,0.19,0.6,0
2485,Alexander Sørloth,no NOR,FW,Atlético Madrid,es La Liga,29,1131,11,2,13,1,4,0,9.6,1.5,10.3,22,42.6,1.59,0.21,1.4,0
2486,Musa Al-Taamari,jo JOR,"FW,MF",Montpellier,fr Ligue 1,27,1116,2,1,3,0,3,0,2.6,1.5,4.1,55,40.7,0.89,0.07,-0.6,1
2487,Musa Al-Taamari,jo JOR,"FW,MF",Rennes,fr Ligue 1,27,361,1,0,1,0,0,0,2.3,1.1,3.5,15,27.3,0.75,0.09,-1.3,0
2488,Haris Tabakovic,ba BIH,FW,Hoffenheim,de Bundesliga,30,700,2,1,3,0,0,0,2.7,1,3.7,3,36,1.16,0.08,-0.7,0
2495,Mehdi Taremi,ir IRN,FW,Inter,it Serie A,32,563,1,1,2,1,1,0,2.9,1.1,3.3,8,36.4,0.64,0,-1.9,0
2501,Marcus Tavernier,eng ENG,"FW,MF",Bournemouth,eng Premier League,26,1505,3,5,8,0,5,0,5.2,2.8,8,36,31.9,0.9,0.06,-2.2,0
2504,Loum Tchaouna,fr FRA,"FW,MF",Lazio,it Serie A,21,640,1,0,1,0,4,1,2.4,0.6,3,22,31.8,0.98,0.05,-1.4,0
2510,Mathys Tel,fr FRA,FW,Tottenham,eng Premier League,19,402,2,0,2,1,0,0,1.8,0.6,1.6,11,50,1.34,0.08,0.2,0
2511,Mathys Tel,fr FRA,"FW,MF",Bayern Munich,de Bundesliga,19,256,0,1,1,0,0,0,0.7,0.3,1,6,30,1.05,0,-0.7,0
2514,Casper Tengstedt,dk DEN,"FW,MF",Hellas Verona,it Serie A,24,1383,6,1,7,1,2,0,5.3,0.9,5.4,28,27,0.65,0.14,0.7,0
2525,Florian Thauvin,fr FRA,"FW,MF",Udinese,it Serie A,32,1956,8,3,11,1,0,0,8.1,3.8,9.5,92,45.1,1.06,0.14,-0.1,0
2528,Thiago,br BRA,FW,Brentford,eng Premier League,23,132,0,0,0,0,0,0,0.1,0.1,0.2,3,0,0,0,-0.1,0
2532,Sorba Thomas,wls WAL,"FW,MF",Nantes,fr Ligue 1,25,1128,1,2,3,0,2,0,1.5,2.6,4.1,36,11.1,0.08,0.11,-0.5,0
2536,Marcus Thuram,fr FRA,FW,Inter,it Serie A,27,2200,14,4,18,0,1,0,9.8,4.3,14.2,61,42.2,1.1,0.22,4.2,2
2540,Phillip Tietz,de GER,FW,Augsburg,de Bundesliga,27,1518,6,2,8,1,4,0,5.2,1.1,5.4,7,31.7,0.77,0.12,0.8,0
2549,Tiago Tomás,pt POR,"FW,MF",Wolfsburg,de Bundesliga,22,1772,6,1,7,0,6,0,5.3,2.4,7.7,31,51.3,1.02,0.15,0.7,1
2555,Ferrán Torres,es ESP,"FW,MF",Barcelona,es La Liga,25,884,9,3,12,0,1,1,6.6,1.9,8.4,17,54.1,2.04,0.24,2.4,0
2560,Bazoumana Touré,ci CIV,"FW,DF",Hoffenheim,de Bundesliga,19,278,0,3,3,0,1,0,0.8,1.7,2.5,14,27.3,0.97,0,-0.8,0
2566,Adama Traoré,es ESP,"FW,MF",Fulham,eng Premier League,29,1482,2,5,7,0,2,0,3.8,4.1,7.8,80,31.4,0.67,0.06,-1.8,0
2577,Leandro Trossard,be BEL,FW,Arsenal,eng Premier League,30,2091,5,5,10,0,4,1,5.6,5,10.6,69,28.8,0.73,0.08,-0.6,0
2580,Viktor Tsyhankov,ua UKR,"FW,MF",Girona,es La Liga,27,1312,2,4,6,0,1,0,2.2,2.2,4.5,37,24,0.41,0.08,-0.2,1
2585,Chrisantus Uche,ng NGA,"FW,MF",Getafe,es La Liga,21,2171,3,5,8,0,8,1,3.4,2,5.4,37,28.3,0.54,0.07,-0.4,0
2591,Enes Ünal,tr TUR,"FW,MF",Bournemouth,eng Premier League,27,345,2,1,3,0,2,0,2.7,0.4,3.1,4,35,1.83,0.1,-0.7,0
2592,Deniz Undav,de GER,"FW,MF",Stuttgart,de Bundesliga,28,1276,7,1,8,0,3,0,9.2,1.6,10.8,28,44.8,1.83,0.12,-2.2,0
2616,Jamie Vardy,eng ENG,FW,Leicester City,eng Premier League,38,2421,7,3,10,1,5,0,9.4,2.9,11.5,27,40.8,0.74,0.12,-2.4,1
2617,Ruben Vargas,ch SUI,"FW,MF",Sevilla,es La Liga,26,671,2,1,3,0,0,0,2,0.8,2.7,29,29.4,0.67,0.12,0,0
2624,Robinio Vaz,fr FRA,FW,Marseille,fr Ligue 1,18,75,0,0,0,0,1,0,0.5,0,0.5,3,0,0,0,-0.5,1
2631,Alejo Véliz,ar ARG,FW,Espanyol,es La Liga,21,992,1,0,1,0,3,0,1.8,0.5,2.4,1,33.3,0.45,0.07,-0.8,0
2635,Lorenzo Venturino,it ITA,"FW,MF",Genoa,it Serie A,18,62,0,0,0,0,0,0,0.3,0.2,0.5,2,50,1.45,0,-0.3,0
2646,Carlos Vicente,es ESP,"FW,MF",Alavés,es La Liga,25,2462,4,3,7,0,1,0,2.4,4.4,6.8,90,40.7,0.4,0.15,1.6,0
2647,Pau Victor Delgado,es ESP,FW,Barcelona,es La Liga,23,222,2,1,3,0,2,0,2.6,0.8,3.4,3,50,2.03,0.2,-0.6,0
2653,Asier Villalibre,es ESP,FW,Alavés,es La Liga,27,314,1,1,2,1,2,0,1.6,1,1.8,4,14.3,0.29,0,-0.6,0
2659,Vitinha,pt POR,"FW,MF",Genoa,it Serie A,25,1007,0,2,2,0,1,0,1.1,2.8,3.9,26,11.5,0.27,0,-1.1,0
2662,Dušan Vlahović,rs SRB,FW,Juventus,it Serie A,25,1701,9,4,13,4,3,0,11.8,1.3,10,25,34.8,1.27,0.07,-2.8,0
2663,Vanja Vlahović,rs SRB,"FW,MF",Atalanta,it Serie A,21,60,0,0,0,0,0,0,0.2,0.1,0.3,0,100,1.5,0,-0.2,1
2670,Kevin Volland,de GER,"FW,MF",Union Berlin,de Bundesliga,32,53,0,0,0,0,1,0,0,0,0,0,0,0,0,0,0
2673,Ibrahima Wadji,sn SEN,"FW,MF",Saint-Étienne,fr Ligue 1,29,140,0,0,0,0,0,0,0.3,0,0.3,6,0,0,0,-0.3,0
2675,Elye Wahi,fr FRA,FW,Marseille,fr Ligue 1,22,574,3,1,4,1,1,0,6,0.4,5.6,7,56.3,1.41,0.13,-3,0
2676,Elye Wahi,fr FRA,"FW,MF",Eint Frankfurt,de Bundesliga,22,178,0,0,0,0,1,0,1.1,0.1,1.2,3,22.2,1.01,0,-1.1,0
2691,Ollie Watkins,eng ENG,FW,Aston Villa,eng Premier League,29,2167,14,6,20,2,1,0,14.1,2.7,15.2,47,43.7,1.29,0.17,-0.1,2
2692,Timothy Weah,us USA,"FW,DF",Juventus,it Serie A,25,1395,5,2,7,0,4,0,3.4,1.5,4.9,43,42.9,0.58,0.24,1.6,0
2696,Nelson Weiper,de GER,FW,Mainz 05,de Bundesliga,20,600,3,0,3,0,2,0,3.4,0.7,4.1,10,55.6,1.5,0.17,-0.4,0
2698,Noah Weißhaupt,de GER,"FW,MF",St. Pauli,de Bundesliga,23,945,1,0,1,0,0,0,1.7,1.8,3.5,33,20,0.29,0.07,-0.7,0
2699,Noah Weißhaupt,de GER,FW,Freiburg,de Bundesliga,23,80,0,0,0,0,0,0,0,0,0,8,0,0,0,0,0
2700,Danny Welbeck,eng ENG,FW,Brighton,eng Premier League,34,1686,8,4,12,0,3,0,7.8,1,8.8,17,38,1.01,0.16,0.2,0
2702,Timo Werner,de GER,"FW,MF",Tottenham,eng Premier League,29,516,0,3,3,0,0,0,1,2.5,3.5,42,37.5,0.52,0,-1,0
2709,Iñaki Williams,gh GHA,"FW,MF",Athletic Club,es La Liga,30,2434,5,8,13,0,1,0,6.7,6.8,13.6,100,36.1,0.81,0.08,-1.7,1
2711,Nico Williams,es ESP,FW,Athletic Club,es La Liga,22,1891,5,5,10,0,1,0,3.8,3.5,7.3,112,36.5,0.9,0.1,1.2,0
2714,Callum Wilson,eng ENG,FW,Newcastle Utd,eng Premier League,33,220,0,0,0,0,1,0,0.3,0.1,0.4,4,0,0,0,-0.3,0
2715,Harry Wilson,wls WAL,"FW,MF",Fulham,eng Premier League,28,839,5,1,6,0,2,0,3.2,1,4.2,16,32.1,0.97,0.18,1.8,1
2717,Jonas Wind,dk DEN,"FW,MF",Wolfsburg,de Bundesliga,26,1705,8,3,11,1,2,0,5.1,4,7.3,15,29,0.48,0.23,2.9,0
2719,Ben Winterburn,eng ENG,"FW,MF",Bournemouth,eng Premier League,20,23,0,0,0,0,0,0,0,0,0,2,0,0,0,0,0
2721,Yoane Wissa,cd COD,FW,Brentford,eng Premier League,28,2380,15,2,17,0,2,0,14.3,1.8,16,48,44.3,1.17,0.21,0.7,1
2726,Nick Woltemade,de GER,"FW,MF",Stuttgart,de Bundesliga,23,1321,9,2,11,2,5,1,7.6,3.6,9.6,24,53.1,1.16,0.22,1.4,0
2728,Chris Wood,nz NZL,FW,Nott'ham Forest,eng Premier League,33,2434,18,3,21,3,1,0,11,2,10.6,13,58,1.07,0.3,7,0
2733,Lamine Yamal,es ESP,FW,Barcelona,es La Liga,17,2326,6,11,17,0,3,0,7.5,11.2,18.7,148,28.8,1.16,0.06,-1.5,2
2734,Daniel Yáñez,es ESP,FW,Real Madrid,es La Liga,18,2,0,0,0,0,0,0,0,0,0,0,0,0,0,0,0
2735,Erencan Yardimci,tr TUR,"FW,MF",Hoffenheim,de Bundesliga,23,313,0,0,0,0,2,0,1,0,1,4,16.7,0.29,0,-1,0
2738,John Yeboah,ec ECU,"FW,MF",Venezia,it Serie A,24,801,0,1,1,0,6,0,1.5,0.8,2.3,23,40,0.9,0,-1.5,1
2739,Bertuğ Yıldırım,tr TUR,FW,Getafe,es La Liga,22,925,1,0,1,0,7,0,2.4,0.9,3.2,6,38.9,0.68,0.06,-1.4,1
2740,Kenan Yıldız,tr TUR,"FW,MF",Juventus,it Serie A,19,2145,6,2,8,0,1,0,4,4.2,8.2,99,35.8,0.8,0.11,2,0
2746,Mattia Zaccagni,it ITA,FW,Lazio,it Serie A,29,2293,8,6,14,2,9,0,6.2,4,8.6,83,32.6,0.55,0.14,1.8,0
2749,Wilfried Zaha,ci CIV,FW,Lyon,fr Ligue 1,32,73,0,0,0,0,0,0,0.1,0,0.1,1,100,1.23,0,-0.1,0
2758,Nicolò Zaniolo,it ITA,FW,Fiorentina,it Serie A,25,257,0,0,0,0,1,0,0.6,0.1,0.7,5,42.9,1.05,0,-0.6,0
2759,Nicolò Zaniolo,it ITA,"FW,MF",Atalanta,it Serie A,25,356,2,2,4,0,4,0,0.9,0.5,1.5,7,36.4,1.01,0.18,1.1,0
2760,Alessandro Zanoli,it ITA,"FW,DF",Genoa,it Serie A,24,1618,1,0,1,0,3,0,0.4,1.6,2,61,27.3,0.17,0.09,0.6,0
2761,Duván Zapata,co COL,FW,Torino,it Serie A,34,587,3,0,3,0,1,0,3.4,0.5,3.9,6,38.1,1.23,0.14,-0.4,0
2764,Bryan Zaragoza,es ESP,"FW,MF",Osasuna,es La Liga,23,1434,1,5,6,0,3,0,2.2,2.6,4.8,82,32.3,0.63,0.03,-1.2,0
2765,Anass Zaroury,ma MAR,"FW,MF",Lens,fr Ligue 1,24,1095,0,1,1,0,2,1,1.2,2.2,3.4,39,32,0.66,0,-1.2,1
2771,Alessio Zerbin,it ITA,"FW,DF",Napoli,it Serie A,26,2,0,0,0,0,0,0,0,0,0,0,0,0,0,0,0
2778,Edon Zhegrova,xk KVX,"FW,MF",Lille,fr Ligue 1,26,978,4,1,5,0,1,0,2.3,2.2,4.5,37,39.1,0.83,0.17,1.7,0
2781,Joshua Zirkzee,nl NED,"FW,MF",Manchester Utd,eng Premier League,23,1402,3,1,4,0,2,0,4.8,1.5,6.3,14,39.3,0.71,0.11,-1.8,1
2782,Budu Zivzivadze,ge GEO,FW,Heidenheim,de Bundesliga,31,894,2,3,5,0,0,0,1.3,1.4,2.8,9,38.9,0.7,0.11,0.7,0
2792,Milan Đurić,ba BIH,FW,Monza,it Serie A,34,1270,4,1,5,0,3,0,2.9,1.1,4,2,43.5,0.71,0.17,1.1,0
2793,Milan Đurić,ba BIH,FW,Parma,it Serie A,34,199,0,0,0,0,0,0,0.2,0,0.2,0,0,0,0,-0.2,0
